#include "asset_data.h"

// =========================================================================
// Gameloft Diamond Rush BGR555 Palettes
// =========================================================================

const u16 g_pal_bg_ui[16] = {
    0x0000, 0x0C42, 0x20C6, 0x45EE, 0x7FFF, 0x175F, 0x109C, 0x4A5F, 0x7B46, 0x1A37, 0x314A, 0x3256, 0x0C52, 0x43BF, 0x0000, 0x0000
};
const u16 g_pal_bg_angkor[16] = {
    0x0000, 0x0C42, 0x14A6, 0x296C, 0x3E32, 0x52D7, 0x677D, 0x0C87, 0x150C, 0x1D92, 0x2AA5, 0x149C, 0x0C50, 0x171E, 0x7FFF, 0x7B26
};
const u16 g_pal_bg_bavaria[16] = {
    0x0000, 0x0842, 0x18A4, 0x2928, 0x41CD, 0x5A93, 0x737A, 0x14A6, 0x212A, 0x35CF, 0x26A5, 0x107C, 0x0C50, 0x12FD, 0x7FFF, 0x7B26
};
const u16 g_pal_obj_explorer[16] = {
    0x0000, 0x0842, 0x0889, 0x1993, 0x2A7B, 0x2172, 0x3E9C, 0x5B5F, 0x0466, 0x41ED, 0x6B37, 0x25AF, 0x3E96, 0x171E, 0x7FFF, 0x109C
};
const u16 g_pal_obj_enemies[16] = {
    0x0000, 0x0842, 0x08E2, 0x1625, 0x1F4A, 0x2F7E, 0x0C7C, 0x0866, 0x10ED, 0x19B6, 0x14BE, 0x7FFF, 0x0000, 0x0000, 0x0000, 0x0000
};
const u16 g_pal_obj_objects[16] = {
    0x0000, 0x0C42, 0x14A6, 0x296C, 0x52D7, 0x149C, 0x0C50, 0x2AA5, 0x7FFF, 0x171E, 0x150C, 0x1D92, 0x1B06, 0x0D83, 0x0000, 0x0000
};

// =========================================================================
// 4bpp Tile Data Tables
// =========================================================================

const u8 g_tiles_angkor[4096] __attribute__((aligned(4))) = {
    0x32, 0x33, 0x33, 0x23, 0x33, 0x33, 0x33, 0x23, 0x33, 0x33, 0x33, 0x23, 0x33, 0x33, 0x33, 0x23,
    0x43, 0x23, 0x33, 0x23, 0x33, 0x33, 0x33, 0x23, 0x33, 0x33, 0x33, 0x23, 0x22, 0x22, 0x22, 0x22,
    0x34, 0x33, 0x33, 0x33, 0x34, 0x33, 0x33, 0x33, 0x34, 0x33, 0x33, 0x43, 0x34, 0x32, 0x33, 0x33,
    0x34, 0x33, 0x33, 0x33, 0x34, 0x33, 0x33, 0x33, 0x34, 0x33, 0x33, 0x33, 0x22, 0x22, 0x22, 0x22,
    0x44, 0x44, 0x44, 0x44, 0x33, 0x33, 0x33, 0x33, 0x33, 0x33, 0x33, 0x33, 0x33, 0x33, 0x33, 0x33,
    0x33, 0x33, 0x33, 0x43, 0x34, 0x32, 0x33, 0x33, 0x33, 0x33, 0x33, 0x33, 0x33, 0x33, 0x33, 0x33,
    0x44, 0x44, 0x44, 0x44, 0x33, 0x33, 0x33, 0x23, 0x33, 0x33, 0x33, 0x23, 0x33, 0x33, 0x33, 0x24,
    0x23, 0x33, 0x33, 0x23, 0x33, 0x33, 0x33, 0x23, 0x33, 0x33, 0x33, 0x23, 0x33, 0x33, 0x33, 0x23,
    0x65, 0x56, 0x55, 0x15, 0x54, 0x44, 0x35, 0x12, 0x44, 0x45, 0x44, 0x12, 0x44, 0x34, 0x43, 0x12,
    0x54, 0x34, 0x43, 0x12, 0x45, 0x34, 0x54, 0x12, 0x22, 0x22, 0x22, 0x12, 0x11, 0x11, 0x11, 0x11,
    0x65, 0x56, 0x55, 0x15, 0x44, 0x54, 0x44, 0x12, 0x45, 0x43, 0x54, 0x12, 0x54, 0x34, 0x43, 0x12,
    0x34, 0x34, 0x43, 0x12, 0x44, 0x45, 0x44, 0x12, 0x22, 0x22, 0x22, 0x12, 0x11, 0x11, 0x11, 0x11,
    0x65, 0x16, 0x55, 0x55, 0x34, 0x12, 0x44, 0x45, 0x45, 0x12, 0x54, 0x43, 0x53, 0x12, 0x45, 0x44,
    0x44, 0x12, 0x34, 0x45, 0x44, 0x12, 0x44, 0x54, 0x22, 0x12, 0x22, 0x22, 0x11, 0x11, 0x11, 0x11,
    0x65, 0x16, 0x55, 0x55, 0x54, 0x12, 0x45, 0x44, 0x44, 0x12, 0x44, 0x54, 0x44, 0x12, 0x44, 0x45,
    0x54, 0x12, 0x45, 0x44, 0x45, 0x12, 0x54, 0x44, 0x22, 0x12, 0x22, 0x22, 0x11, 0x11, 0x11, 0x11,
    0x97, 0x48, 0x88, 0x84, 0x87, 0x88, 0x47, 0x74, 0x97, 0x88, 0x89, 0x97, 0x87, 0x48, 0x49, 0x88,
    0x97, 0x78, 0x97, 0x78, 0x77, 0x98, 0x88, 0x98, 0x97, 0x89, 0x48, 0x89, 0x87, 0x79, 0x88, 0x77,
    0x97, 0x78, 0x89, 0x97, 0x88, 0x98, 0x79, 0x87, 0x48, 0x89, 0x79, 0x78, 0x78, 0x79, 0x79, 0x98,
    0x48, 0x88, 0x78, 0x89, 0x88, 0x48, 0x98, 0x47, 0x78, 0x84, 0x78, 0x84, 0x98, 0x74, 0x98, 0x87,
    0x98, 0x77, 0x89, 0x97, 0x88, 0x98, 0x79, 0x87, 0x48, 0x89, 0x89, 0x78, 0x88, 0x79, 0x74, 0x98,
    0x48, 0x88, 0x78, 0x89, 0x88, 0x49, 0x98, 0x79, 0x78, 0x84, 0x78, 0x97, 0x98, 0x84, 0x98, 0x87,
    0x78, 0x89, 0x84, 0x48, 0x98, 0x79, 0x87, 0x88, 0x78, 0x84, 0x97, 0x88, 0x98, 0x87, 0x87, 0x98,
    0x78, 0x89, 0x87, 0x89, 0x98, 0x79, 0x98, 0x74, 0x78, 0x97, 0x88, 0x97, 0x98, 0x87, 0x49, 0x87,
    0x32, 0x33, 0x33, 0x23, 0x33, 0x33, 0x13, 0x11, 0x33, 0x33, 0x61, 0x66, 0x33, 0x63, 0x66, 0x66,
    0x43, 0x61, 0x6E, 0x66, 0x13, 0x66, 0x66, 0x66, 0x13, 0x66, 0x26, 0x52, 0x12, 0x66, 0x66, 0x25,
    0x34, 0x33, 0x33, 0x33, 0x11, 0x31, 0x33, 0x33, 0x56, 0x15, 0x33, 0x43, 0x56, 0x45, 0x34, 0x33,
    0x56, 0x45, 0x14, 0x32, 0x55, 0x45, 0x34, 0x31, 0x55, 0x45, 0x34, 0x21, 0x52, 0x44, 0x33, 0x21,
    0x14, 0x66, 0x56, 0x55, 0x13, 0x55, 0x55, 0x55, 0x13, 0x55, 0x55, 0x45, 0x33, 0x41, 0x44, 0x44,
    0x33, 0x43, 0x44, 0x34, 0x34, 0x32, 0x31, 0x33, 0x33, 0x33, 0x12, 0x11, 0x33, 0x33, 0x33, 0x22,
    0x25, 0x22, 0x33, 0x21, 0x44, 0x24, 0x23, 0x21, 0x44, 0x33, 0x23, 0x21, 0x34, 0x33, 0x12, 0x22,
    0x33, 0x23, 0x22, 0x23, 0x23, 0x12, 0x22, 0x23, 0x11, 0x21, 0x33, 0x23, 0x22, 0x33, 0x33, 0x23,
    0x32, 0x33, 0x33, 0x23, 0x33, 0x33, 0x33, 0x23, 0x33, 0x33, 0x33, 0x13, 0x33, 0x33, 0x33, 0xB1,
    0x43, 0x23, 0x13, 0xBB, 0x33, 0x33, 0xE1, 0xBE, 0x33, 0x13, 0xBB, 0xBB, 0x22, 0xB1, 0xBB, 0xBB,
    0x34, 0x33, 0x33, 0x33, 0x34, 0x33, 0x33, 0x33, 0x31, 0x33, 0x33, 0x43, 0x1B, 0x32, 0x33, 0x33,
    0xBB, 0x31, 0x33, 0x33, 0xBB, 0x1B, 0x33, 0x33, 0xBB, 0xBB, 0x31, 0x33, 0xBB, 0xBB, 0x1B, 0x22,
    0x44, 0xB1, 0xBB, 0xBB, 0x33, 0x13, 0xCC, 0xBB, 0x33, 0x33, 0xC1, 0xBC, 0x33, 0x33, 0x13, 0xBC,
    0x33, 0x33, 0x33, 0xB1, 0x34, 0x32, 0x33, 0x13, 0x33, 0x33, 0x33, 0x23, 0x33, 0x33, 0x33, 0x23,
    0xBB, 0xBB, 0x1B, 0x22, 0xBB, 0xCC, 0x21, 0x22, 0xCB, 0x1C, 0x22, 0x23, 0xCB, 0x21, 0x32, 0x24,
    0x1B, 0x22, 0x33, 0x23, 0x21, 0x32, 0x33, 0x23, 0x22, 0x33, 0x33, 0x23, 0x32, 0x33, 0x33, 0x23,
    0x32, 0x33, 0x33, 0x23, 0x33, 0x33, 0x33, 0x23, 0x33, 0x33, 0x33, 0x13, 0x33, 0x33, 0x33, 0xC1,
    0x43, 0x23, 0x13, 0xCB, 0x33, 0x33, 0xE1, 0xCE, 0x33, 0x13, 0xBB, 0xCC, 0x22, 0xC1, 0xCC, 0xCC,
    0x34, 0x33, 0x33, 0x33, 0x34, 0x33, 0x33, 0x33, 0x31, 0x33, 0x33, 0x43, 0x1C, 0x32, 0x33, 0x33,
    0xCC, 0x31, 0x33, 0x33, 0xCC, 0x1C, 0x33, 0x33, 0xCC, 0xCC, 0x31, 0x33, 0xCC, 0xCC, 0x1C, 0x22,
    0x44, 0xC1, 0xCC, 0xCC, 0x33, 0x13, 0x11, 0xCC, 0x33, 0x33, 0x11, 0xC1, 0x33, 0x33, 0x13, 0xC1,
    0x33, 0x33, 0x33, 0xC1, 0x34, 0x32, 0x33, 0x13, 0x33, 0x33, 0x33, 0x23, 0x33, 0x33, 0x33, 0x23,
    0xCC, 0xCC, 0x1C, 0x22, 0xCC, 0x11, 0x21, 0x22, 0x1C, 0x11, 0x22, 0x23, 0x1C, 0x21, 0x32, 0x24,
    0x1C, 0x22, 0x33, 0x23, 0x21, 0x32, 0x33, 0x23, 0x22, 0x33, 0x33, 0x23, 0x32, 0x33, 0x33, 0x23,
    0x32, 0x33, 0x33, 0x23, 0x33, 0x33, 0x33, 0x23, 0x33, 0x33, 0x33, 0x13, 0x33, 0x33, 0x33, 0xA1,
    0x43, 0x23, 0x13, 0xAA, 0x33, 0x33, 0xE1, 0xAE, 0x33, 0x13, 0xAA, 0xAA, 0x22, 0xA1, 0xAA, 0xAA,
    0x34, 0x33, 0x33, 0x33, 0x34, 0x33, 0x33, 0x33, 0x31, 0x33, 0x33, 0x43, 0x1A, 0x32, 0x33, 0x33,
    0xAA, 0x31, 0x33, 0x33, 0xAA, 0x1A, 0x33, 0x33, 0xAA, 0xAA, 0x31, 0x33, 0xAA, 0xAA, 0x1A, 0x22,
    0x44, 0xA1, 0xAA, 0xAA, 0x33, 0x13, 0x22, 0xAA, 0x33, 0x33, 0x21, 0xA2, 0x33, 0x33, 0x13, 0xA2,
    0x33, 0x33, 0x33, 0xA1, 0x34, 0x32, 0x33, 0x13, 0x33, 0x33, 0x33, 0x23, 0x33, 0x33, 0x33, 0x23,
    0xAA, 0xAA, 0x1A, 0x22, 0xAA, 0x22, 0x21, 0x22, 0x2A, 0x12, 0x22, 0x23, 0x2A, 0x21, 0x32, 0x24,
    0x1A, 0x22, 0x33, 0x23, 0x21, 0x32, 0x33, 0x23, 0x22, 0x33, 0x33, 0x23, 0x32, 0x33, 0x33, 0x23,
    0x32, 0x33, 0x33, 0x23, 0x33, 0x33, 0x33, 0xEE, 0x33, 0x33, 0xE3, 0xEE, 0x33, 0x33, 0xEE, 0x2E,
    0x43, 0x23, 0xEE, 0x23, 0x33, 0x33, 0xEE, 0x23, 0x33, 0x33, 0xEE, 0x2E, 0x22, 0x22, 0xE2, 0xEE,
    0x34, 0x33, 0x33, 0x33, 0xEE, 0x33, 0x33, 0x33, 0xEE, 0x3E, 0x33, 0x43, 0xE4, 0xEE, 0x33, 0x33,
    0x34, 0x22, 0x33, 0x33, 0x34, 0x22, 0x33, 0x33, 0x24, 0x22, 0x33, 0x33, 0x2D, 0x22, 0x22, 0x22,
    0x44, 0x44, 0x44, 0xEE, 0x33, 0x33, 0x33, 0xE3, 0x33, 0x33, 0x33, 0xE3, 0x33, 0x33, 0x33, 0xE3,
    0x33, 0x33, 0x33, 0xE3, 0x34, 0x32, 0x33, 0xE3, 0x33, 0x33, 0x33, 0x33, 0x33, 0x33, 0x33, 0x33,
    0x2D, 0x44, 0x44, 0x44, 0x3D, 0x33, 0x33, 0x23, 0xDD, 0xDD, 0x33, 0x23, 0x3D, 0x33, 0x33, 0x24,
    0xDD, 0xDD, 0x33, 0x23, 0x3D, 0x33, 0x33, 0x23, 0x33, 0x33, 0x33, 0x23, 0x33, 0x33, 0x33, 0x23,
    0x55, 0x51, 0x55, 0x55, 0x35, 0x31, 0x33, 0x33, 0x11, 0x11, 0x11, 0x11, 0x35, 0x11, 0xD1, 0x11,
    0x35, 0x11, 0xE1, 0x11, 0x35, 0x11, 0xD1, 0x11, 0x35, 0x11, 0xD1, 0x11, 0x35, 0x11, 0xD1, 0xD1,
    0x55, 0x55, 0x15, 0x55, 0x33, 0x33, 0x13, 0x33, 0x11, 0x11, 0x11, 0x11, 0x1D, 0x1D, 0x11, 0x33,
    0x1E, 0x1E, 0x11, 0x33, 0x1D, 0x1D, 0x11, 0x33, 0x1D, 0x1D, 0x11, 0x33, 0xDD, 0x1D, 0x11, 0x33,
    0x35, 0xD1, 0xDD, 0xDD, 0x35, 0x11, 0xD1, 0xD1, 0x35, 0x11, 0xD1, 0xD1, 0x35, 0x11, 0xD1, 0x11,
    0x35, 0x11, 0xE1, 0x11, 0x35, 0x11, 0xD1, 0x11, 0x35, 0x11, 0xD1, 0x11, 0x35, 0x11, 0xD1, 0x11,
    0xD1, 0xDD, 0x1D, 0x33, 0xDD, 0x1D, 0x11, 0x33, 0xDD, 0x1D, 0x11, 0x33, 0x1D, 0x1D, 0x11, 0x33,
    0x1E, 0x1E, 0x11, 0x33, 0x1D, 0x1D, 0x11, 0x33, 0x1D, 0x1D, 0x11, 0x33, 0x1D, 0x1D, 0x11, 0x33,
    0x55, 0x51, 0x55, 0x55, 0x35, 0x31, 0x33, 0x33, 0x11, 0x11, 0x11, 0x11, 0x35, 0x11, 0x11, 0x11,
    0x35, 0x11, 0x11, 0x11, 0x35, 0x11, 0x11, 0x11, 0x35, 0x11, 0x11, 0x11, 0x35, 0x11, 0x11, 0x11,
    0x55, 0x55, 0x15, 0x55, 0x33, 0x33, 0x13, 0x33, 0x11, 0x11, 0x11, 0x11, 0x11, 0x11, 0x11, 0x33,
    0x11, 0x11, 0x11, 0x33, 0x11, 0x11, 0x11, 0x33, 0x11, 0x11, 0x11, 0x33, 0x11, 0x11, 0x11, 0x33,
    0x35, 0x11, 0x11, 0x11, 0x35, 0x11, 0x11, 0x11, 0x35, 0x11, 0x11, 0x11, 0x35, 0x11, 0x11, 0x11,
    0x35, 0x21, 0x22, 0x22, 0x35, 0x21, 0x22, 0x22, 0x35, 0x31, 0x33, 0x33, 0x35, 0x31, 0x33, 0x33,
    0x11, 0x11, 0x11, 0x33, 0x11, 0x11, 0x11, 0x33, 0x11, 0x11, 0x11, 0x33, 0x11, 0x11, 0x11, 0x33,
    0x22, 0x22, 0x12, 0x33, 0x22, 0x22, 0x12, 0x33, 0x33, 0x33, 0x13, 0x33, 0x33, 0x33, 0x13, 0x33,
    0x32, 0x33, 0x33, 0x23, 0x33, 0x33, 0x33, 0x23, 0x33, 0x33, 0x33, 0x23, 0x13, 0x11, 0x11, 0x11,
    0x13, 0x9E, 0x99, 0xE9, 0x13, 0x9D, 0x99, 0xD9, 0x13, 0x9D, 0x99, 0xD9, 0x12, 0x2D, 0x22, 0xD2,
    0x34, 0x33, 0x33, 0x33, 0x34, 0x33, 0x33, 0x33, 0x34, 0x33, 0x33, 0x43, 0x11, 0x11, 0x11, 0x31,
    0x9E, 0x99, 0xE9, 0x31, 0x9D, 0x99, 0xD9, 0x31, 0x9D, 0x99, 0xD9, 0x31, 0x2D, 0x22, 0xD2, 0x21,
    0x14, 0xAD, 0xAA, 0xEA, 0x13, 0x9E, 0x99, 0xD9, 0x13, 0x9D, 0x99, 0xD9, 0x13, 0x9D, 0x99, 0xD9,
    0x13, 0x9D, 0x99, 0xD9, 0x14, 0x9E, 0x99, 0xE9, 0x13, 0x11, 0x11, 0x11, 0x33, 0x33, 0x33, 0x33,
    0xAE, 0xAA, 0xDA, 0x41, 0x9D, 0x99, 0xE9, 0x21, 0x9D, 0x99, 0xD9, 0x21, 0x9D, 0x99, 0xD9, 0x21,
    0x9D, 0x99, 0xD9, 0x21, 0x9E, 0x99, 0xE9, 0x21, 0x11, 0x11, 0x11, 0x21, 0x33, 0x33, 0x33, 0x23,
    0x32, 0x33, 0x33, 0x23, 0x33, 0x11, 0x11, 0x11, 0x33, 0xD1, 0xAA, 0xAA, 0x33, 0xD1, 0xAA, 0xAA,
    0x43, 0xD1, 0xAA, 0xAA, 0x33, 0xE3, 0xEE, 0xEE, 0x33, 0xB3, 0xED, 0xDB, 0x22, 0xD2, 0xED, 0xDD,
    0x34, 0x33, 0x33, 0x33, 0x11, 0x11, 0x11, 0x33, 0xAA, 0xAA, 0x1D, 0x43, 0xAA, 0xAA, 0x1D, 0x33,
    0xAA, 0xAA, 0x1D, 0x33, 0xEE, 0xEE, 0x3E, 0x33, 0xBD, 0xDE, 0x3B, 0x33, 0xDB, 0xBE, 0x2D, 0x22,
    0x44, 0xD4, 0xEB, 0xBD, 0x13, 0x9D, 0x99, 0xD9, 0x13, 0x9D, 0x99, 0xD9, 0x13, 0x9D, 0x99, 0xD9,
    0x13, 0x9D, 0x99, 0xD9, 0x14, 0x9D, 0x99, 0xD9, 0x13, 0x11, 0x11, 0x11, 0x33, 0x33, 0x33, 0x33,
    0xDD, 0xDE, 0x4D, 0x44, 0x9D, 0x99, 0xD9, 0x21, 0x9D, 0x99, 0xD9, 0x21, 0x9D, 0x99, 0xD9, 0x21,
    0x9D, 0x99, 0xD9, 0x21, 0x9D, 0x99, 0xD9, 0x21, 0x11, 0x11, 0x11, 0x21, 0x33, 0x33, 0x33, 0x23,
    0x32, 0x33, 0x33, 0x23, 0x33, 0x33, 0x33, 0x23, 0x33, 0x53, 0x33, 0x23, 0x33, 0x53, 0x33, 0x23,
    0x43, 0x53, 0x33, 0x23, 0x33, 0x5E, 0x31, 0xE3, 0x33, 0x5E, 0x31, 0xE3, 0x22, 0x5E, 0x21, 0xE2,
    0x34, 0x33, 0x33, 0x33, 0x34, 0x33, 0x33, 0x33, 0x35, 0x33, 0x53, 0x43, 0x35, 0x32, 0x53, 0x33,
    0x35, 0x33, 0x53, 0x33, 0x15, 0x33, 0x5E, 0x31, 0x15, 0x33, 0x5E, 0x31, 0x15, 0x22, 0x5E, 0x21,
    0xE4, 0x5E, 0x11, 0xEE, 0xE3, 0x5E, 0x11, 0xEE, 0xE3, 0x5E, 0x11, 0xEE, 0xE3, 0x5E, 0x11, 0xEE,
    0x44, 0x44, 0x44, 0x44, 0x22, 0x22, 0x22, 0x22, 0x22, 0x22, 0x22, 0x22, 0x22, 0x22, 0x22, 0x22,
    0x15, 0xE1, 0x5E, 0x11, 0x15, 0xE1, 0x5E, 0x11, 0x15, 0xE1, 0x5E, 0x11, 0x15, 0xE1, 0x5E, 0x11,
    0x44, 0x44, 0x44, 0x44, 0x22, 0x22, 0x22, 0x22, 0x22, 0x22, 0x22, 0x22, 0x22, 0x22, 0x22, 0x22,
    0x11, 0x11, 0x11, 0x11, 0x21, 0x22, 0x22, 0x22, 0x21, 0x55, 0x55, 0x55, 0x21, 0x45, 0x44, 0x44,
    0x21, 0x45, 0x44, 0x44, 0x21, 0x45, 0x44, 0x44, 0x21, 0x45, 0x44, 0x14, 0x21, 0x45, 0x44, 0x41,
    0x11, 0x11, 0x11, 0x11, 0x22, 0x22, 0x22, 0x12, 0x55, 0x55, 0x55, 0x15, 0x44, 0x44, 0x44, 0x12,
    0x44, 0x44, 0x44, 0x12, 0x41, 0x44, 0x44, 0x12, 0x11, 0x44, 0x44, 0x12, 0x41, 0x41, 0x44, 0x12,
    0x21, 0x45, 0x14, 0x11, 0x21, 0x45, 0x44, 0x41, 0x21, 0x45, 0x44, 0x14, 0x21, 0x45, 0x44, 0x44,
    0x21, 0x45, 0x44, 0x44, 0x21, 0x45, 0x44, 0x44, 0x21, 0x25, 0x22, 0x22, 0x11, 0x11, 0x11, 0x11,
    0x11, 0x11, 0x44, 0x12, 0x41, 0x41, 0x44, 0x12, 0x11, 0x44, 0x44, 0x12, 0x41, 0x44, 0x44, 0x12,
    0x44, 0x44, 0x44, 0x12, 0x44, 0x44, 0x44, 0x12, 0x22, 0x22, 0x22, 0x12, 0x11, 0x11, 0x11, 0x11,
    0x55, 0x55, 0x55, 0x55, 0x45, 0x24, 0x45, 0x24, 0xDD, 0xDD, 0xDD, 0xDD, 0x11, 0x11, 0x11, 0x11,
    0x45, 0x24, 0x45, 0x24, 0x45, 0x24, 0x45, 0x24, 0x45, 0x24, 0x45, 0x24, 0x45, 0x24, 0x45, 0x24,
    0x55, 0x55, 0x55, 0x55, 0x45, 0x24, 0x45, 0x14, 0xDD, 0xDD, 0xDD, 0xDD, 0x11, 0x11, 0x11, 0x11,
    0x45, 0x24, 0x45, 0x14, 0x45, 0x24, 0x45, 0x14, 0x45, 0x24, 0x45, 0x14, 0x45, 0x24, 0x45, 0x14,
    0x45, 0x24, 0x45, 0x24, 0x45, 0x24, 0x45, 0x24, 0x45, 0x24, 0x45, 0x24, 0x45, 0x24, 0x45, 0x24,
    0x45, 0x24, 0x45, 0x24, 0xDD, 0xDD, 0xDD, 0xDD, 0x11, 0x11, 0x11, 0x11, 0x15, 0x11, 0x11, 0x11,
    0x45, 0x24, 0x45, 0x14, 0x45, 0x24, 0x45, 0x14, 0x45, 0x24, 0x45, 0x14, 0x45, 0x24, 0x45, 0x14,
    0x45, 0x24, 0x45, 0x14, 0xDD, 0xDD, 0xDD, 0xDD, 0x11, 0x11, 0x11, 0x11, 0x11, 0x11, 0x11, 0x11,
    0x55, 0x51, 0x55, 0xD5, 0x35, 0x31, 0x33, 0xD3, 0x11, 0x11, 0x11, 0xD1, 0x35, 0x11, 0x11, 0x11,
    0x35, 0x11, 0x11, 0x22, 0x35, 0x11, 0x22, 0x22, 0x35, 0x11, 0x22, 0xFF, 0x35, 0x21, 0xF2, 0xEF,
    0x5D, 0x55, 0x15, 0x55, 0x3D, 0x33, 0x13, 0x33, 0x1D, 0x11, 0x11, 0x11, 0x11, 0x11, 0x11, 0x33,
    0x22, 0x11, 0x11, 0x33, 0x22, 0x22, 0x11, 0x33, 0xFF, 0x22, 0x11, 0x33, 0xFE, 0x2F, 0x12, 0x33,
    0x35, 0x21, 0xF2, 0xEE, 0x35, 0x21, 0xF2, 0xEE, 0x35, 0x21, 0xF2, 0xEF, 0x35, 0x11, 0x22, 0xFF,
    0x35, 0x11, 0x22, 0x22, 0x35, 0x11, 0x11, 0x22, 0x35, 0x11, 0x11, 0x11, 0x35, 0x11, 0x11, 0x11,
    0xEE, 0x2F, 0x12, 0x33, 0xEE, 0x2F, 0x12, 0x33, 0xFE, 0x2F, 0x12, 0x33, 0xFF, 0x22, 0x11, 0x33,
    0x22, 0x22, 0x11, 0x33, 0x22, 0x11, 0x11, 0x33, 0x11, 0x11, 0x11, 0x33, 0x11, 0x11, 0x11, 0x33,
    0x11, 0x11, 0x11, 0x11, 0x22, 0x33, 0x33, 0x43, 0x22, 0x33, 0x33, 0x43, 0x22, 0x33, 0x33, 0x43,
    0x22, 0x33, 0x33, 0x43, 0x22, 0x33, 0x33, 0x43, 0x22, 0x33, 0x33, 0x43, 0x22, 0x33, 0x33, 0x43,
    0x11, 0x11, 0x11, 0x11, 0x44, 0x44, 0x44, 0x44, 0x44, 0x44, 0x44, 0x44, 0x44, 0x44, 0x44, 0x44,
    0x44, 0x44, 0x44, 0x44, 0x44, 0x44, 0x44, 0x44, 0x44, 0x44, 0x44, 0x44, 0x44, 0x44, 0x44, 0x44,
    0x11, 0x11, 0x11, 0x11, 0x22, 0x33, 0x33, 0x43, 0x22, 0x33, 0x33, 0x43, 0x22, 0x33, 0x33, 0x43,
    0x22, 0x33, 0x33, 0x43, 0x22, 0x33, 0x33, 0x43, 0x22, 0x33, 0x33, 0x43, 0x22, 0x33, 0x33, 0x43,
    0x11, 0x11, 0x11, 0x11, 0x44, 0x44, 0x44, 0x44, 0x44, 0x44, 0x44, 0x44, 0x44, 0x44, 0x44, 0x44,
    0x44, 0x44, 0x44, 0x44, 0x44, 0x44, 0x44, 0x44, 0x44, 0x44, 0x44, 0x44, 0x44, 0x44, 0x44, 0x44,
    0x11, 0x11, 0x11, 0x11, 0x33, 0x33, 0x33, 0x33, 0x33, 0x33, 0x33, 0x33, 0x33, 0x33, 0x33, 0x33,
    0x33, 0x33, 0x33, 0x33, 0x33, 0x33, 0x33, 0x33, 0x33, 0x33, 0x33, 0x33, 0x33, 0x33, 0x33, 0x33,
    0x11, 0x11, 0x11, 0x11, 0x33, 0x22, 0x22, 0x11, 0x33, 0x22, 0x22, 0x11, 0x33, 0x22, 0x22, 0x11,
    0x33, 0x22, 0x22, 0x11, 0x33, 0x22, 0x22, 0x11, 0x33, 0x22, 0x22, 0x11, 0x33, 0x22, 0x22, 0x11,
    0x11, 0x11, 0x11, 0x11, 0x33, 0x33, 0x33, 0x33, 0x33, 0x33, 0x33, 0x33, 0x33, 0x33, 0x33, 0x33,
    0x33, 0x33, 0x33, 0x33, 0x33, 0x33, 0x33, 0x33, 0x33, 0x33, 0x33, 0x33, 0x33, 0x33, 0x33, 0x33,
    0x11, 0x11, 0x11, 0x11, 0x33, 0x22, 0x22, 0x11, 0x33, 0x22, 0x22, 0x11, 0x33, 0x22, 0x22, 0x11,
    0x33, 0x22, 0x22, 0x11, 0x33, 0x22, 0x22, 0x11, 0x33, 0x22, 0x22, 0x11, 0x33, 0x22, 0x22, 0x11,
    0x22, 0x22, 0x22, 0x22, 0x22, 0x22, 0x22, 0x22, 0x22, 0x22, 0x33, 0x33, 0x22, 0x22, 0x33, 0x33,
    0x22, 0x22, 0x43, 0x44, 0x22, 0x22, 0x13, 0x31, 0x22, 0x22, 0x33, 0x43, 0x22, 0x22, 0x33, 0x43,
    0x22, 0x22, 0x22, 0x22, 0x22, 0x22, 0x22, 0x22, 0x33, 0x33, 0x22, 0x22, 0x33, 0x33, 0x22, 0x22,
    0x44, 0x34, 0x22, 0x22, 0x13, 0x31, 0x22, 0x22, 0x34, 0x33, 0x22, 0x22, 0x34, 0x33, 0x22, 0x22,
    0x22, 0x22, 0x33, 0x43, 0x22, 0x22, 0x33, 0x41, 0x22, 0x22, 0x33, 0x33, 0x22, 0x22, 0x33, 0x44,
    0x22, 0x22, 0x33, 0x13, 0x22, 0x22, 0x33, 0x33, 0x22, 0x22, 0x22, 0x22, 0x22, 0x22, 0x22, 0x22,
    0x34, 0x33, 0x22, 0x22, 0x14, 0x33, 0x22, 0x22, 0x33, 0x33, 0x22, 0x22, 0x44, 0x33, 0x22, 0x22,
    0x31, 0x33, 0x22, 0x22, 0x33, 0x33, 0x22, 0x22, 0x22, 0x22, 0x22, 0x22, 0x22, 0x22, 0x22, 0x22,
    0x11, 0x11, 0x11, 0x11, 0x22, 0x22, 0x23, 0x22, 0x22, 0x32, 0x22, 0x22, 0x22, 0x23, 0x22, 0x32,
    0x11, 0x11, 0x11, 0x11, 0x21, 0x22, 0x32, 0x22, 0x21, 0x22, 0x23, 0x22, 0x21, 0x32, 0x22, 0x22,
    0x11, 0x11, 0x11, 0x11, 0x31, 0x22, 0x22, 0x23, 0x21, 0x22, 0x32, 0x22, 0x21, 0x22, 0x23, 0x22,
    0x11, 0x11, 0x11, 0x11, 0x22, 0x23, 0x22, 0x12, 0x32, 0x22, 0x22, 0x13, 0x23, 0x22, 0x32, 0x12,
    0x11, 0x11, 0x11, 0x11, 0x32, 0x22, 0x22, 0x23, 0x23, 0x22, 0x32, 0x22, 0x22, 0x22, 0x23, 0x22,
    0x11, 0x11, 0x11, 0x11, 0x21, 0x23, 0x22, 0x32, 0x31, 0x22, 0x22, 0x23, 0x21, 0x22, 0x32, 0x22,
    0x11, 0x11, 0x11, 0x11, 0x21, 0x32, 0x22, 0x22, 0x21, 0x23, 0x22, 0x32, 0x31, 0x22, 0x22, 0x23,
    0x11, 0x11, 0x11, 0x11, 0x22, 0x22, 0x23, 0x12, 0x22, 0x32, 0x22, 0x12, 0x22, 0x23, 0x22, 0x12,
    0x00, 0x00, 0x00, 0x00, 0x00, 0x00, 0x00, 0x00, 0x00, 0x00, 0x00, 0x00, 0x00, 0x00, 0x00, 0x00,
    0x00, 0x00, 0x00, 0x00, 0x00, 0x00, 0x00, 0x00, 0x00, 0x00, 0x00, 0x00, 0x00, 0x00, 0x00, 0x00,
    0x00, 0x00, 0x00, 0x00, 0x00, 0x00, 0x00, 0x00, 0x00, 0x00, 0x00, 0x00, 0x00, 0x00, 0x00, 0x00,
    0x00, 0x00, 0x00, 0x00, 0x00, 0x00, 0x00, 0x00, 0x00, 0x00, 0x00, 0x00, 0x00, 0x00, 0x00, 0x00,
    0x00, 0x00, 0x00, 0x00, 0x00, 0x00, 0x00, 0x00, 0x00, 0x00, 0x00, 0x00, 0x00, 0x00, 0x00, 0x00,
    0x00, 0x00, 0x00, 0x00, 0x00, 0x00, 0x00, 0x00, 0x00, 0x00, 0x00, 0x00, 0x00, 0x00, 0x00, 0x00,
    0x00, 0x00, 0x00, 0x00, 0x00, 0x00, 0x00, 0x00, 0x00, 0x00, 0x00, 0x00, 0x00, 0x00, 0x00, 0x00,
    0x00, 0x00, 0x00, 0x00, 0x00, 0x00, 0x00, 0x00, 0x00, 0x00, 0x00, 0x00, 0x00, 0x00, 0x00, 0x00,
    0x00, 0x00, 0x00, 0x00, 0x00, 0x00, 0x00, 0x00, 0x00, 0x00, 0x00, 0x00, 0x00, 0x00, 0x00, 0x00,
    0x00, 0x00, 0x00, 0x00, 0x00, 0x00, 0x00, 0x00, 0x00, 0x00, 0x00, 0x00, 0x00, 0x00, 0x00, 0x00,
    0x00, 0x00, 0x00, 0x00, 0x00, 0x00, 0x00, 0x00, 0x00, 0x00, 0x00, 0x00, 0x00, 0x00, 0x00, 0x00,
    0x00, 0x00, 0x00, 0x00, 0x00, 0x00, 0x00, 0x00, 0x00, 0x00, 0x00, 0x00, 0x00, 0x00, 0x00, 0x00,
    0x00, 0x00, 0x00, 0x00, 0x00, 0x00, 0x00, 0x00, 0x00, 0x00, 0x00, 0x00, 0x00, 0x00, 0x00, 0x00,
    0x00, 0x00, 0x00, 0x00, 0x00, 0x00, 0x00, 0x00, 0x00, 0x00, 0x00, 0x00, 0x00, 0x00, 0x00, 0x00,
    0x00, 0x00, 0x00, 0x00, 0x00, 0x00, 0x00, 0x00, 0x00, 0x00, 0x00, 0x00, 0x00, 0x00, 0x00, 0x00,
    0x00, 0x00, 0x00, 0x00, 0x00, 0x00, 0x00, 0x00, 0x00, 0x00, 0x00, 0x00, 0x00, 0x00, 0x00, 0x00,
    0x00, 0x00, 0x00, 0x00, 0x00, 0x00, 0x00, 0x00, 0x00, 0x00, 0x00, 0x00, 0x00, 0x00, 0x00, 0x00,
    0x00, 0x00, 0x00, 0x00, 0x00, 0x00, 0x00, 0x00, 0x00, 0x00, 0x00, 0x00, 0x00, 0x00, 0x00, 0x00,
    0x00, 0x00, 0x00, 0x00, 0x00, 0x00, 0x00, 0x00, 0x00, 0x00, 0x00, 0x00, 0x00, 0x00, 0x00, 0x00,
    0x00, 0x00, 0x00, 0x00, 0x00, 0x00, 0x00, 0x00, 0x00, 0x00, 0x00, 0x00, 0x00, 0x00, 0x00, 0x00,
    0x00, 0x00, 0x00, 0x00, 0x00, 0x00, 0x00, 0x00, 0x00, 0x00, 0x00, 0x00, 0x00, 0x00, 0x00, 0x00,
    0x00, 0x00, 0x00, 0x00, 0x00, 0x00, 0x00, 0x00, 0x00, 0x00, 0x00, 0x00, 0x00, 0x00, 0x00, 0x00,
    0x00, 0x00, 0x00, 0x00, 0x00, 0x00, 0x00, 0x00, 0x00, 0x00, 0x00, 0x00, 0x00, 0x00, 0x00, 0x00,
    0x00, 0x00, 0x00, 0x00, 0x00, 0x00, 0x00, 0x00, 0x00, 0x00, 0x00, 0x00, 0x00, 0x00, 0x00, 0x00,
    0x00, 0x00, 0x00, 0x00, 0x00, 0x00, 0x00, 0x00, 0x00, 0x00, 0x00, 0x00, 0x00, 0x00, 0x00, 0x00,
    0x00, 0x00, 0x00, 0x00, 0x00, 0x00, 0x00, 0x00, 0x00, 0x00, 0x00, 0x00, 0x00, 0x00, 0x00, 0x00,
    0x00, 0x00, 0x00, 0x00, 0x00, 0x00, 0x00, 0x00, 0x00, 0x00, 0x00, 0x00, 0x00, 0x00, 0x00, 0x00,
    0x00, 0x00, 0x00, 0x00, 0x00, 0x00, 0x00, 0x00, 0x00, 0x00, 0x00, 0x00, 0x00, 0x00, 0x00, 0x00,
    0x00, 0x00, 0x00, 0x00, 0x00, 0x00, 0x00, 0x00, 0x00, 0x00, 0x00, 0x00, 0x00, 0x00, 0x00, 0x00,
    0x00, 0x00, 0x00, 0x00, 0x00, 0x00, 0x00, 0x00, 0x00, 0x00, 0x00, 0x00, 0x00, 0x00, 0x00, 0x00,
    0x00, 0x00, 0x00, 0x00, 0x00, 0x00, 0x00, 0x00, 0x00, 0x00, 0x00, 0x00, 0x00, 0x00, 0x00, 0x00,
    0x00, 0x00, 0x00, 0x00, 0x00, 0x00, 0x00, 0x00, 0x00, 0x00, 0x00, 0x00, 0x00, 0x00, 0x00, 0x00,
    0x00, 0x00, 0x00, 0x00, 0x00, 0x00, 0x00, 0x00, 0x00, 0x00, 0x00, 0x00, 0x00, 0x00, 0x00, 0x00,
    0x00, 0x00, 0x00, 0x00, 0x00, 0x00, 0x00, 0x00, 0x00, 0x00, 0x00, 0x00, 0x00, 0x00, 0x00, 0x00,
    0x00, 0x00, 0x00, 0x00, 0x00, 0x00, 0x00, 0x00, 0x00, 0x00, 0x00, 0x00, 0x00, 0x00, 0x00, 0x00,
    0x00, 0x00, 0x00, 0x00, 0x00, 0x00, 0x00, 0x00, 0x00, 0x00, 0x00, 0x00, 0x00, 0x00, 0x00, 0x00,
    0x00, 0x00, 0x00, 0x00, 0x00, 0x00, 0x00, 0x00, 0x00, 0x00, 0x00, 0x00, 0x00, 0x00, 0x00, 0x00,
    0x00, 0x00, 0x00, 0x00, 0x00, 0x00, 0x00, 0x00, 0x00, 0x00, 0x00, 0x00, 0x00, 0x00, 0x00, 0x00,
    0x00, 0x00, 0x00, 0x00, 0x00, 0x00, 0x00, 0x00, 0x00, 0x00, 0x00, 0x00, 0x00, 0x00, 0x00, 0x00,
    0x00, 0x00, 0x00, 0x00, 0x00, 0x00, 0x00, 0x00, 0x00, 0x00, 0x00, 0x00, 0x00, 0x00, 0x00, 0x00,
    0x00, 0x00, 0x00, 0x00, 0x00, 0x00, 0x00, 0x00, 0x00, 0x00, 0x00, 0x00, 0x00, 0x00, 0x00, 0x00,
    0x00, 0x00, 0x00, 0x00, 0x00, 0x00, 0x00, 0x00, 0x00, 0x00, 0x00, 0x00, 0x00, 0x00, 0x00, 0x00,
    0x00, 0x00, 0x00, 0x00, 0x00, 0x00, 0x00, 0x00, 0x00, 0x00, 0x00, 0x00, 0x00, 0x00, 0x00, 0x00,
    0x00, 0x00, 0x00, 0x00, 0x00, 0x00, 0x00, 0x00, 0x00, 0x00, 0x00, 0x00, 0x00, 0x00, 0x00, 0x00,
    0x00, 0x00, 0x00, 0x00, 0x00, 0x00, 0x00, 0x00, 0x00, 0x00, 0x00, 0x00, 0x00, 0x00, 0x00, 0x00,
    0x00, 0x00, 0x00, 0x00, 0x00, 0x00, 0x00, 0x00, 0x00, 0x00, 0x00, 0x00, 0x00, 0x00, 0x00, 0x00,
    0x00, 0x00, 0x00, 0x00, 0x00, 0x00, 0x00, 0x00, 0x00, 0x00, 0x00, 0x00, 0x00, 0x00, 0x00, 0x00,
    0x00, 0x00, 0x00, 0x00, 0x00, 0x00, 0x00, 0x00, 0x00, 0x00, 0x00, 0x00, 0x00, 0x00, 0x00, 0x00,
    0x00, 0x00, 0x00, 0x00, 0x00, 0x00, 0x00, 0x00, 0x00, 0x00, 0x00, 0x00, 0x00, 0x00, 0x00, 0x00,
    0x00, 0x00, 0x00, 0x00, 0x00, 0x00, 0x00, 0x00, 0x00, 0x00, 0x00, 0x00, 0x00, 0x00, 0x00, 0x00,
    0x00, 0x00, 0x00, 0x00, 0x00, 0x00, 0x00, 0x00, 0x00, 0x00, 0x00, 0x00, 0x00, 0x00, 0x00, 0x00,
    0x00, 0x00, 0x00, 0x00, 0x00, 0x00, 0x00, 0x00, 0x00, 0x00, 0x00, 0x00, 0x00, 0x00, 0x00, 0x00,
    0x00, 0x00, 0x00, 0x00, 0x00, 0x00, 0x00, 0x00, 0x00, 0x00, 0x00, 0x00, 0x00, 0x00, 0x00, 0x00,
    0x00, 0x00, 0x00, 0x00, 0x00, 0x00, 0x00, 0x00, 0x00, 0x00, 0x00, 0x00, 0x00, 0x00, 0x00, 0x00,
    0x00, 0x00, 0x00, 0x00, 0x00, 0x00, 0x00, 0x00, 0x00, 0x00, 0x00, 0x00, 0x00, 0x00, 0x00, 0x00,
    0x00, 0x00, 0x00, 0x00, 0x00, 0x00, 0x00, 0x00, 0x00, 0x00, 0x00, 0x00, 0x00, 0x00, 0x00, 0x00,
    0x00, 0x00, 0x00, 0x00, 0x00, 0x00, 0x00, 0x00, 0x00, 0x00, 0x00, 0x00, 0x00, 0x00, 0x00, 0x00,
    0x00, 0x00, 0x00, 0x00, 0x00, 0x00, 0x00, 0x00, 0x00, 0x00, 0x00, 0x00, 0x00, 0x00, 0x00, 0x00,
    0x00, 0x00, 0x00, 0x00, 0x00, 0x00, 0x00, 0x00, 0x00, 0x00, 0x00, 0x00, 0x00, 0x00, 0x00, 0x00,
    0x00, 0x00, 0x00, 0x00, 0x00, 0x00, 0x00, 0x00, 0x00, 0x00, 0x00, 0x00, 0x00, 0x00, 0x00, 0x00,
    0x00, 0x00, 0x00, 0x00, 0x00, 0x00, 0x00, 0x00, 0x00, 0x00, 0x00, 0x00, 0x00, 0x00, 0x00, 0x00,
    0x00, 0x00, 0x00, 0x00, 0x00, 0x00, 0x00, 0x00, 0x00, 0x00, 0x00, 0x00, 0x00, 0x00, 0x00, 0x00,
    0x00, 0x00, 0x00, 0x00, 0x00, 0x00, 0x00, 0x00, 0x00, 0x00, 0x00, 0x00, 0x00, 0x00, 0x00, 0x00,
    0x00, 0x00, 0x00, 0x00, 0x00, 0x00, 0x00, 0x00, 0x00, 0x00, 0x00, 0x00, 0x00, 0x00, 0x00, 0x00,
    0x00, 0x00, 0x00, 0x00, 0x00, 0x00, 0x00, 0x00, 0x00, 0x00, 0x00, 0x00, 0x00, 0x00, 0x00, 0x00,
    0x00, 0x00, 0x00, 0x00, 0x00, 0x00, 0x00, 0x00, 0x00, 0x00, 0x00, 0x00, 0x00, 0x00, 0x00, 0x00,
    0x00, 0x00, 0x00, 0x00, 0x00, 0x00, 0x00, 0x00, 0x00, 0x00, 0x00, 0x00, 0x00, 0x00, 0x00, 0x00,
    0x00, 0x00, 0x00, 0x00, 0x00, 0x00, 0x00, 0x00, 0x00, 0x00, 0x00, 0x00, 0x00, 0x00, 0x00, 0x00,
    0x00, 0x00, 0x00, 0x00, 0x00, 0x00, 0x00, 0x00, 0x00, 0x00, 0x00, 0x00, 0x00, 0x00, 0x00, 0x00,
    0x00, 0x00, 0x00, 0x00, 0x00, 0x00, 0x00, 0x00, 0x00, 0x00, 0x00, 0x00, 0x00, 0x00, 0x00, 0x00,
    0x00, 0x00, 0x00, 0x00, 0x00, 0x00, 0x00, 0x00, 0x00, 0x00, 0x00, 0x00, 0x00, 0x00, 0x00, 0x00,
    0x00, 0x00, 0x00, 0x00, 0x00, 0x00, 0x00, 0x00, 0x00, 0x00, 0x00, 0x00, 0x00, 0x00, 0x00, 0x00,
    0x00, 0x00, 0x00, 0x00, 0x00, 0x00, 0x00, 0x00, 0x00, 0x00, 0x00, 0x00, 0x00, 0x00, 0x00, 0x00,
    0x00, 0x00, 0x00, 0x00, 0x00, 0x00, 0x00, 0x00, 0x00, 0x00, 0x00, 0x00, 0x00, 0x00, 0x00, 0x00,
    0x00, 0x00, 0x00, 0x00, 0x00, 0x00, 0x00, 0x00, 0x00, 0x00, 0x00, 0x00, 0x00, 0x00, 0x00, 0x00,
    0x00, 0x00, 0x00, 0x00, 0x00, 0x00, 0x00, 0x00, 0x00, 0x00, 0x00, 0x00, 0x00, 0x00, 0x00, 0x00,
    0x00, 0x00, 0x00, 0x00, 0x00, 0x00, 0x00, 0x00, 0x00, 0x00, 0x00, 0x00, 0x00, 0x00, 0x00, 0x00,
    0x00, 0x00, 0x00, 0x00, 0x00, 0x00, 0x00, 0x00, 0x00, 0x00, 0x00, 0x00, 0x00, 0x00, 0x00, 0x00,
    0x00, 0x00, 0x00, 0x00, 0x00, 0x00, 0x00, 0x00, 0x00, 0x00, 0x00, 0x00, 0x00, 0x00, 0x00, 0x00,
    0x00, 0x00, 0x00, 0x00, 0x00, 0x00, 0x00, 0x00, 0x00, 0x00, 0x00, 0x00, 0x00, 0x00, 0x00, 0x00,
    0x00, 0x00, 0x00, 0x00, 0x00, 0x00, 0x00, 0x00, 0x00, 0x00, 0x00, 0x00, 0x00, 0x00, 0x00, 0x00,
    0x00, 0x00, 0x00, 0x00, 0x00, 0x00, 0x00, 0x00, 0x00, 0x00, 0x00, 0x00, 0x00, 0x00, 0x00, 0x00,
    0x00, 0x00, 0x00, 0x00, 0x00, 0x00, 0x00, 0x00, 0x00, 0x00, 0x00, 0x00, 0x00, 0x00, 0x00, 0x00,
    0x00, 0x00, 0x00, 0x00, 0x00, 0x00, 0x00, 0x00, 0x00, 0x00, 0x00, 0x00, 0x00, 0x00, 0x00, 0x00,
    0x00, 0x00, 0x00, 0x00, 0x00, 0x00, 0x00, 0x00, 0x00, 0x00, 0x00, 0x00, 0x00, 0x00, 0x00, 0x00,
    0x00, 0x00, 0x00, 0x00, 0x00, 0x00, 0x00, 0x00, 0x00, 0x00, 0x00, 0x00, 0x00, 0x00, 0x00, 0x00,
    0x00, 0x00, 0x00, 0x00, 0x00, 0x00, 0x00, 0x00, 0x00, 0x00, 0x00, 0x00, 0x00, 0x00, 0x00, 0x00,
    0x00, 0x00, 0x00, 0x00, 0x00, 0x00, 0x00, 0x00, 0x00, 0x00, 0x00, 0x00, 0x00, 0x00, 0x00, 0x00,
    0x00, 0x00, 0x00, 0x00, 0x00, 0x00, 0x00, 0x00, 0x00, 0x00, 0x00, 0x00, 0x00, 0x00, 0x00, 0x00,
    0x00, 0x00, 0x00, 0x00, 0x00, 0x00, 0x00, 0x00, 0x00, 0x00, 0x00, 0x00, 0x00, 0x00, 0x00, 0x00,
    0x00, 0x00, 0x00, 0x00, 0x00, 0x00, 0x00, 0x00, 0x00, 0x00, 0x00, 0x00, 0x00, 0x00, 0x00, 0x00,
    0x00, 0x00, 0x00, 0x00, 0x00, 0x00, 0x00, 0x00, 0x00, 0x00, 0x00, 0x00, 0x00, 0x00, 0x00, 0x00,
    0x00, 0x00, 0x00, 0x00, 0x00, 0x00, 0x00, 0x00, 0x00, 0x00, 0x00, 0x00, 0x00, 0x00, 0x00, 0x00,
    0x00, 0x00, 0x00, 0x00, 0x00, 0x00, 0x00, 0x00, 0x00, 0x00, 0x00, 0x00, 0x00, 0x00, 0x00, 0x00,
    0x00, 0x00, 0x00, 0x00, 0x00, 0x00, 0x00, 0x00, 0x00, 0x00, 0x00, 0x00, 0x00, 0x00, 0x00, 0x00,
    0x00, 0x00, 0x00, 0x00, 0x00, 0x00, 0x00, 0x00, 0x00, 0x00, 0x00, 0x00, 0x00, 0x00, 0x00, 0x00,
};
const u8 g_tiles_bavaria[4096] __attribute__((aligned(4))) = {
    0x32, 0x33, 0x33, 0x23, 0x33, 0x33, 0x33, 0x23, 0x33, 0x33, 0x33, 0x23, 0x33, 0x33, 0x33, 0x23,
    0x43, 0x23, 0x33, 0x23, 0x33, 0x33, 0x33, 0x23, 0x33, 0x33, 0x33, 0x23, 0x22, 0x22, 0x22, 0x22,
    0x34, 0x33, 0x33, 0x33, 0x34, 0x33, 0x33, 0x33, 0x34, 0x33, 0x33, 0x43, 0x34, 0x32, 0x33, 0x33,
    0x34, 0x33, 0x33, 0x33, 0x34, 0x33, 0x33, 0x33, 0x34, 0x33, 0x33, 0x33, 0x22, 0x22, 0x22, 0x22,
    0x44, 0x44, 0x44, 0x44, 0x33, 0x33, 0x33, 0x33, 0x33, 0x33, 0x33, 0x33, 0x33, 0x33, 0x33, 0x33,
    0x33, 0x33, 0x33, 0x43, 0x34, 0x32, 0x33, 0x33, 0x33, 0x33, 0x33, 0x33, 0x33, 0x33, 0x33, 0x33,
    0x44, 0x44, 0x44, 0x44, 0x33, 0x33, 0x33, 0x23, 0x33, 0x33, 0x33, 0x23, 0x33, 0x33, 0x33, 0x24,
    0x23, 0x33, 0x33, 0x23, 0x33, 0x33, 0x33, 0x23, 0x33, 0x33, 0x33, 0x23, 0x33, 0x33, 0x33, 0x23,
    0x65, 0x56, 0x55, 0x15, 0x54, 0x44, 0x35, 0x12, 0x44, 0x45, 0x44, 0x12, 0x44, 0x34, 0x43, 0x12,
    0x54, 0x34, 0x43, 0x12, 0x45, 0x34, 0x54, 0x12, 0x22, 0x22, 0x22, 0x12, 0x11, 0x11, 0x11, 0x11,
    0x65, 0x56, 0x55, 0x15, 0x44, 0x54, 0x44, 0x12, 0x45, 0x43, 0x54, 0x12, 0x54, 0x34, 0x43, 0x12,
    0x34, 0x34, 0x43, 0x12, 0x44, 0x45, 0x44, 0x12, 0x22, 0x22, 0x22, 0x12, 0x11, 0x11, 0x11, 0x11,
    0x65, 0x16, 0x55, 0x55, 0x34, 0x12, 0x44, 0x45, 0x45, 0x12, 0x54, 0x43, 0x53, 0x12, 0x45, 0x44,
    0x44, 0x12, 0x34, 0x45, 0x44, 0x12, 0x44, 0x54, 0x22, 0x12, 0x22, 0x22, 0x11, 0x11, 0x11, 0x11,
    0x65, 0x16, 0x55, 0x55, 0x54, 0x12, 0x45, 0x44, 0x44, 0x12, 0x44, 0x54, 0x44, 0x12, 0x44, 0x45,
    0x54, 0x12, 0x45, 0x44, 0x45, 0x12, 0x54, 0x44, 0x22, 0x12, 0x22, 0x22, 0x11, 0x11, 0x11, 0x11,
    0x97, 0x48, 0x88, 0x84, 0x87, 0x88, 0x47, 0x74, 0x97, 0x88, 0x89, 0x97, 0x87, 0x48, 0x49, 0x88,
    0x97, 0x78, 0x97, 0x78, 0x77, 0x98, 0x88, 0x98, 0x97, 0x89, 0x48, 0x89, 0x87, 0x79, 0x88, 0x77,
    0x97, 0x78, 0x89, 0x97, 0x88, 0x98, 0x79, 0x87, 0x48, 0x89, 0x79, 0x78, 0x78, 0x79, 0x79, 0x98,
    0x48, 0x88, 0x78, 0x89, 0x88, 0x48, 0x98, 0x47, 0x78, 0x84, 0x78, 0x84, 0x98, 0x74, 0x98, 0x87,
    0x98, 0x77, 0x89, 0x97, 0x88, 0x98, 0x79, 0x87, 0x48, 0x89, 0x89, 0x78, 0x88, 0x79, 0x74, 0x98,
    0x48, 0x88, 0x78, 0x89, 0x88, 0x49, 0x98, 0x79, 0x78, 0x84, 0x78, 0x97, 0x98, 0x84, 0x98, 0x87,
    0x78, 0x89, 0x84, 0x48, 0x98, 0x79, 0x87, 0x88, 0x78, 0x84, 0x97, 0x88, 0x98, 0x87, 0x87, 0x98,
    0x78, 0x89, 0x87, 0x89, 0x98, 0x79, 0x98, 0x74, 0x78, 0x97, 0x88, 0x97, 0x98, 0x87, 0x49, 0x87,
    0x32, 0x33, 0x33, 0x23, 0x33, 0x33, 0x13, 0x11, 0x33, 0x33, 0x61, 0x66, 0x33, 0x63, 0x66, 0x66,
    0x43, 0x61, 0x6E, 0x66, 0x13, 0x66, 0x66, 0x66, 0x13, 0x66, 0x26, 0x52, 0x12, 0x66, 0x66, 0x25,
    0x34, 0x33, 0x33, 0x33, 0x11, 0x31, 0x33, 0x33, 0x56, 0x15, 0x33, 0x43, 0x56, 0x45, 0x34, 0x33,
    0x56, 0x45, 0x14, 0x32, 0x55, 0x45, 0x34, 0x31, 0x55, 0x45, 0x34, 0x21, 0x52, 0x44, 0x33, 0x21,
    0x14, 0x66, 0x56, 0x55, 0x13, 0x55, 0x55, 0x55, 0x13, 0x55, 0x55, 0x45, 0x33, 0x41, 0x44, 0x44,
    0x33, 0x43, 0x44, 0x34, 0x34, 0x32, 0x31, 0x33, 0x33, 0x33, 0x12, 0x11, 0x33, 0x33, 0x33, 0x22,
    0x25, 0x22, 0x33, 0x21, 0x44, 0x24, 0x23, 0x21, 0x44, 0x33, 0x23, 0x21, 0x34, 0x33, 0x12, 0x22,
    0x33, 0x23, 0x22, 0x23, 0x23, 0x12, 0x22, 0x23, 0x11, 0x21, 0x33, 0x23, 0x22, 0x33, 0x33, 0x23,
    0x32, 0x33, 0x33, 0x23, 0x33, 0x33, 0x33, 0x23, 0x33, 0x33, 0x33, 0x13, 0x33, 0x33, 0x33, 0xB1,
    0x43, 0x23, 0x13, 0xBB, 0x33, 0x33, 0xE1, 0xBE, 0x33, 0x13, 0xBB, 0xBB, 0x22, 0xB1, 0xBB, 0xBB,
    0x34, 0x33, 0x33, 0x33, 0x34, 0x33, 0x33, 0x33, 0x31, 0x33, 0x33, 0x43, 0x1B, 0x32, 0x33, 0x33,
    0xBB, 0x31, 0x33, 0x33, 0xBB, 0x1B, 0x33, 0x33, 0xBB, 0xBB, 0x31, 0x33, 0xBB, 0xBB, 0x1B, 0x22,
    0x44, 0xB1, 0xBB, 0xBB, 0x33, 0x13, 0xCC, 0xBB, 0x33, 0x33, 0xC1, 0xBC, 0x33, 0x33, 0x13, 0xBC,
    0x33, 0x33, 0x33, 0xB1, 0x34, 0x32, 0x33, 0x13, 0x33, 0x33, 0x33, 0x23, 0x33, 0x33, 0x33, 0x23,
    0xBB, 0xBB, 0x1B, 0x22, 0xBB, 0xCC, 0x21, 0x22, 0xCB, 0x1C, 0x22, 0x23, 0xCB, 0x21, 0x32, 0x24,
    0x1B, 0x22, 0x33, 0x23, 0x21, 0x32, 0x33, 0x23, 0x22, 0x33, 0x33, 0x23, 0x32, 0x33, 0x33, 0x23,
    0x32, 0x33, 0x33, 0x23, 0x33, 0x33, 0x33, 0x23, 0x33, 0x33, 0x33, 0x13, 0x33, 0x33, 0x33, 0xC1,
    0x43, 0x23, 0x13, 0xCB, 0x33, 0x33, 0xE1, 0xCE, 0x33, 0x13, 0xBB, 0xCC, 0x22, 0xC1, 0xCC, 0xCC,
    0x34, 0x33, 0x33, 0x33, 0x34, 0x33, 0x33, 0x33, 0x31, 0x33, 0x33, 0x43, 0x1C, 0x32, 0x33, 0x33,
    0xCC, 0x31, 0x33, 0x33, 0xCC, 0x1C, 0x33, 0x33, 0xCC, 0xCC, 0x31, 0x33, 0xCC, 0xCC, 0x1C, 0x22,
    0x44, 0xC1, 0xCC, 0xCC, 0x33, 0x13, 0x11, 0xCC, 0x33, 0x33, 0x11, 0xC1, 0x33, 0x33, 0x13, 0xC1,
    0x33, 0x33, 0x33, 0xC1, 0x34, 0x32, 0x33, 0x13, 0x33, 0x33, 0x33, 0x23, 0x33, 0x33, 0x33, 0x23,
    0xCC, 0xCC, 0x1C, 0x22, 0xCC, 0x11, 0x21, 0x22, 0x1C, 0x11, 0x22, 0x23, 0x1C, 0x21, 0x32, 0x24,
    0x1C, 0x22, 0x33, 0x23, 0x21, 0x32, 0x33, 0x23, 0x22, 0x33, 0x33, 0x23, 0x32, 0x33, 0x33, 0x23,
    0x32, 0x33, 0x33, 0x23, 0x33, 0x33, 0x33, 0x23, 0x33, 0x33, 0x33, 0x13, 0x33, 0x33, 0x33, 0xA1,
    0x43, 0x23, 0x13, 0xAA, 0x33, 0x33, 0xE1, 0xAE, 0x33, 0x13, 0xAA, 0xAA, 0x22, 0xA1, 0xAA, 0xAA,
    0x34, 0x33, 0x33, 0x33, 0x34, 0x33, 0x33, 0x33, 0x31, 0x33, 0x33, 0x43, 0x1A, 0x32, 0x33, 0x33,
    0xAA, 0x31, 0x33, 0x33, 0xAA, 0x1A, 0x33, 0x33, 0xAA, 0xAA, 0x31, 0x33, 0xAA, 0xAA, 0x1A, 0x22,
    0x44, 0xA1, 0xAA, 0xAA, 0x33, 0x13, 0x22, 0xAA, 0x33, 0x33, 0x21, 0xA2, 0x33, 0x33, 0x13, 0xA2,
    0x33, 0x33, 0x33, 0xA1, 0x34, 0x32, 0x33, 0x13, 0x33, 0x33, 0x33, 0x23, 0x33, 0x33, 0x33, 0x23,
    0xAA, 0xAA, 0x1A, 0x22, 0xAA, 0x22, 0x21, 0x22, 0x2A, 0x12, 0x22, 0x23, 0x2A, 0x21, 0x32, 0x24,
    0x1A, 0x22, 0x33, 0x23, 0x21, 0x32, 0x33, 0x23, 0x22, 0x33, 0x33, 0x23, 0x32, 0x33, 0x33, 0x23,
    0x32, 0x33, 0x33, 0x23, 0x33, 0x33, 0x33, 0xEE, 0x33, 0x33, 0xE3, 0xEE, 0x33, 0x33, 0xEE, 0x2E,
    0x43, 0x23, 0xEE, 0x23, 0x33, 0x33, 0xEE, 0x23, 0x33, 0x33, 0xEE, 0x2E, 0x22, 0x22, 0xE2, 0xEE,
    0x34, 0x33, 0x33, 0x33, 0xEE, 0x33, 0x33, 0x33, 0xEE, 0x3E, 0x33, 0x43, 0xE4, 0xEE, 0x33, 0x33,
    0x34, 0x22, 0x33, 0x33, 0x34, 0x22, 0x33, 0x33, 0x24, 0x22, 0x33, 0x33, 0x2D, 0x22, 0x22, 0x22,
    0x44, 0x44, 0x44, 0xEE, 0x33, 0x33, 0x33, 0xE3, 0x33, 0x33, 0x33, 0xE3, 0x33, 0x33, 0x33, 0xE3,
    0x33, 0x33, 0x33, 0xE3, 0x34, 0x32, 0x33, 0xE3, 0x33, 0x33, 0x33, 0x33, 0x33, 0x33, 0x33, 0x33,
    0x2D, 0x44, 0x44, 0x44, 0x3D, 0x33, 0x33, 0x23, 0xDD, 0xDD, 0x33, 0x23, 0x3D, 0x33, 0x33, 0x24,
    0xDD, 0xDD, 0x33, 0x23, 0x3D, 0x33, 0x33, 0x23, 0x33, 0x33, 0x33, 0x23, 0x33, 0x33, 0x33, 0x23,
    0x55, 0x51, 0x55, 0x55, 0x35, 0x31, 0x33, 0x33, 0x11, 0x11, 0x11, 0x11, 0x35, 0x11, 0xD1, 0x11,
    0x35, 0x11, 0xE1, 0x11, 0x35, 0x11, 0xD1, 0x11, 0x35, 0x11, 0xD1, 0x11, 0x35, 0x11, 0xD1, 0xD1,
    0x55, 0x55, 0x15, 0x55, 0x33, 0x33, 0x13, 0x33, 0x11, 0x11, 0x11, 0x11, 0x1D, 0x1D, 0x11, 0x33,
    0x1E, 0x1E, 0x11, 0x33, 0x1D, 0x1D, 0x11, 0x33, 0x1D, 0x1D, 0x11, 0x33, 0xDD, 0x1D, 0x11, 0x33,
    0x35, 0xD1, 0xDD, 0xDD, 0x35, 0x11, 0xD1, 0xD1, 0x35, 0x11, 0xD1, 0xD1, 0x35, 0x11, 0xD1, 0x11,
    0x35, 0x11, 0xE1, 0x11, 0x35, 0x11, 0xD1, 0x11, 0x35, 0x11, 0xD1, 0x11, 0x35, 0x11, 0xD1, 0x11,
    0xD1, 0xDD, 0x1D, 0x33, 0xDD, 0x1D, 0x11, 0x33, 0xDD, 0x1D, 0x11, 0x33, 0x1D, 0x1D, 0x11, 0x33,
    0x1E, 0x1E, 0x11, 0x33, 0x1D, 0x1D, 0x11, 0x33, 0x1D, 0x1D, 0x11, 0x33, 0x1D, 0x1D, 0x11, 0x33,
    0x55, 0x51, 0x55, 0x55, 0x35, 0x31, 0x33, 0x33, 0x11, 0x11, 0x11, 0x11, 0x35, 0x11, 0x11, 0x11,
    0x35, 0x11, 0x11, 0x11, 0x35, 0x11, 0x11, 0x11, 0x35, 0x11, 0x11, 0x11, 0x35, 0x11, 0x11, 0x11,
    0x55, 0x55, 0x15, 0x55, 0x33, 0x33, 0x13, 0x33, 0x11, 0x11, 0x11, 0x11, 0x11, 0x11, 0x11, 0x33,
    0x11, 0x11, 0x11, 0x33, 0x11, 0x11, 0x11, 0x33, 0x11, 0x11, 0x11, 0x33, 0x11, 0x11, 0x11, 0x33,
    0x35, 0x11, 0x11, 0x11, 0x35, 0x11, 0x11, 0x11, 0x35, 0x11, 0x11, 0x11, 0x35, 0x11, 0x11, 0x11,
    0x35, 0x21, 0x22, 0x22, 0x35, 0x21, 0x22, 0x22, 0x35, 0x31, 0x33, 0x33, 0x35, 0x31, 0x33, 0x33,
    0x11, 0x11, 0x11, 0x33, 0x11, 0x11, 0x11, 0x33, 0x11, 0x11, 0x11, 0x33, 0x11, 0x11, 0x11, 0x33,
    0x22, 0x22, 0x12, 0x33, 0x22, 0x22, 0x12, 0x33, 0x33, 0x33, 0x13, 0x33, 0x33, 0x33, 0x13, 0x33,
    0x32, 0x33, 0x33, 0x23, 0x33, 0x33, 0x33, 0x23, 0x33, 0x33, 0x33, 0x23, 0x13, 0x11, 0x11, 0x11,
    0x13, 0x9E, 0x99, 0xE9, 0x13, 0x9D, 0x99, 0xD9, 0x13, 0x9D, 0x99, 0xD9, 0x12, 0x2D, 0x22, 0xD2,
    0x34, 0x33, 0x33, 0x33, 0x34, 0x33, 0x33, 0x33, 0x34, 0x33, 0x33, 0x43, 0x11, 0x11, 0x11, 0x31,
    0x9E, 0x99, 0xE9, 0x31, 0x9D, 0x99, 0xD9, 0x31, 0x9D, 0x99, 0xD9, 0x31, 0x2D, 0x22, 0xD2, 0x21,
    0x14, 0xAD, 0xAA, 0xEA, 0x13, 0x9E, 0x99, 0xD9, 0x13, 0x9D, 0x99, 0xD9, 0x13, 0x9D, 0x99, 0xD9,
    0x13, 0x9D, 0x99, 0xD9, 0x14, 0x9E, 0x99, 0xE9, 0x13, 0x11, 0x11, 0x11, 0x33, 0x33, 0x33, 0x33,
    0xAE, 0xAA, 0xDA, 0x41, 0x9D, 0x99, 0xE9, 0x21, 0x9D, 0x99, 0xD9, 0x21, 0x9D, 0x99, 0xD9, 0x21,
    0x9D, 0x99, 0xD9, 0x21, 0x9E, 0x99, 0xE9, 0x21, 0x11, 0x11, 0x11, 0x21, 0x33, 0x33, 0x33, 0x23,
    0x32, 0x33, 0x33, 0x23, 0x33, 0x11, 0x11, 0x11, 0x33, 0xD1, 0xAA, 0xAA, 0x33, 0xD1, 0xAA, 0xAA,
    0x43, 0xD1, 0xAA, 0xAA, 0x33, 0xE3, 0xEE, 0xEE, 0x33, 0xB3, 0xED, 0xDB, 0x22, 0xD2, 0xED, 0xDD,
    0x34, 0x33, 0x33, 0x33, 0x11, 0x11, 0x11, 0x33, 0xAA, 0xAA, 0x1D, 0x43, 0xAA, 0xAA, 0x1D, 0x33,
    0xAA, 0xAA, 0x1D, 0x33, 0xEE, 0xEE, 0x3E, 0x33, 0xBD, 0xDE, 0x3B, 0x33, 0xDB, 0xBE, 0x2D, 0x22,
    0x44, 0xD4, 0xEB, 0xBD, 0x13, 0x9D, 0x99, 0xD9, 0x13, 0x9D, 0x99, 0xD9, 0x13, 0x9D, 0x99, 0xD9,
    0x13, 0x9D, 0x99, 0xD9, 0x14, 0x9D, 0x99, 0xD9, 0x13, 0x11, 0x11, 0x11, 0x33, 0x33, 0x33, 0x33,
    0xDD, 0xDE, 0x4D, 0x44, 0x9D, 0x99, 0xD9, 0x21, 0x9D, 0x99, 0xD9, 0x21, 0x9D, 0x99, 0xD9, 0x21,
    0x9D, 0x99, 0xD9, 0x21, 0x9D, 0x99, 0xD9, 0x21, 0x11, 0x11, 0x11, 0x21, 0x33, 0x33, 0x33, 0x23,
    0x32, 0x33, 0x33, 0x23, 0x33, 0x33, 0x33, 0x23, 0x33, 0x53, 0x33, 0x23, 0x33, 0x53, 0x33, 0x23,
    0x43, 0x53, 0x33, 0x23, 0x33, 0x5E, 0x31, 0xE3, 0x33, 0x5E, 0x31, 0xE3, 0x22, 0x5E, 0x21, 0xE2,
    0x34, 0x33, 0x33, 0x33, 0x34, 0x33, 0x33, 0x33, 0x35, 0x33, 0x53, 0x43, 0x35, 0x32, 0x53, 0x33,
    0x35, 0x33, 0x53, 0x33, 0x15, 0x33, 0x5E, 0x31, 0x15, 0x33, 0x5E, 0x31, 0x15, 0x22, 0x5E, 0x21,
    0xE4, 0x5E, 0x11, 0xEE, 0xE3, 0x5E, 0x11, 0xEE, 0xE3, 0x5E, 0x11, 0xEE, 0xE3, 0x5E, 0x11, 0xEE,
    0x44, 0x44, 0x44, 0x44, 0x22, 0x22, 0x22, 0x22, 0x22, 0x22, 0x22, 0x22, 0x22, 0x22, 0x22, 0x22,
    0x15, 0xE1, 0x5E, 0x11, 0x15, 0xE1, 0x5E, 0x11, 0x15, 0xE1, 0x5E, 0x11, 0x15, 0xE1, 0x5E, 0x11,
    0x44, 0x44, 0x44, 0x44, 0x22, 0x22, 0x22, 0x22, 0x22, 0x22, 0x22, 0x22, 0x22, 0x22, 0x22, 0x22,
    0x11, 0x11, 0x11, 0x11, 0x21, 0x22, 0x22, 0x22, 0x21, 0x55, 0x55, 0x55, 0x21, 0x45, 0x44, 0x44,
    0x21, 0x45, 0x44, 0x44, 0x21, 0x45, 0x44, 0x44, 0x21, 0x45, 0x44, 0x14, 0x21, 0x45, 0x44, 0x41,
    0x11, 0x11, 0x11, 0x11, 0x22, 0x22, 0x22, 0x12, 0x55, 0x55, 0x55, 0x15, 0x44, 0x44, 0x44, 0x12,
    0x44, 0x44, 0x44, 0x12, 0x41, 0x44, 0x44, 0x12, 0x11, 0x44, 0x44, 0x12, 0x41, 0x41, 0x44, 0x12,
    0x21, 0x45, 0x14, 0x11, 0x21, 0x45, 0x44, 0x41, 0x21, 0x45, 0x44, 0x14, 0x21, 0x45, 0x44, 0x44,
    0x21, 0x45, 0x44, 0x44, 0x21, 0x45, 0x44, 0x44, 0x21, 0x25, 0x22, 0x22, 0x11, 0x11, 0x11, 0x11,
    0x11, 0x11, 0x44, 0x12, 0x41, 0x41, 0x44, 0x12, 0x11, 0x44, 0x44, 0x12, 0x41, 0x44, 0x44, 0x12,
    0x44, 0x44, 0x44, 0x12, 0x44, 0x44, 0x44, 0x12, 0x22, 0x22, 0x22, 0x12, 0x11, 0x11, 0x11, 0x11,
    0x55, 0x55, 0x55, 0x55, 0x45, 0x24, 0x45, 0x24, 0xDD, 0xDD, 0xDD, 0xDD, 0x11, 0x11, 0x11, 0x11,
    0x45, 0x24, 0x45, 0x24, 0x45, 0x24, 0x45, 0x24, 0x45, 0x24, 0x45, 0x24, 0x45, 0x24, 0x45, 0x24,
    0x55, 0x55, 0x55, 0x55, 0x45, 0x24, 0x45, 0x14, 0xDD, 0xDD, 0xDD, 0xDD, 0x11, 0x11, 0x11, 0x11,
    0x45, 0x24, 0x45, 0x14, 0x45, 0x24, 0x45, 0x14, 0x45, 0x24, 0x45, 0x14, 0x45, 0x24, 0x45, 0x14,
    0x45, 0x24, 0x45, 0x24, 0x45, 0x24, 0x45, 0x24, 0x45, 0x24, 0x45, 0x24, 0x45, 0x24, 0x45, 0x24,
    0x45, 0x24, 0x45, 0x24, 0xDD, 0xDD, 0xDD, 0xDD, 0x11, 0x11, 0x11, 0x11, 0x15, 0x11, 0x11, 0x11,
    0x45, 0x24, 0x45, 0x14, 0x45, 0x24, 0x45, 0x14, 0x45, 0x24, 0x45, 0x14, 0x45, 0x24, 0x45, 0x14,
    0x45, 0x24, 0x45, 0x14, 0xDD, 0xDD, 0xDD, 0xDD, 0x11, 0x11, 0x11, 0x11, 0x11, 0x11, 0x11, 0x11,
    0x55, 0x51, 0x55, 0xD5, 0x35, 0x31, 0x33, 0xD3, 0x11, 0x11, 0x11, 0xD1, 0x35, 0x11, 0x11, 0x11,
    0x35, 0x11, 0x11, 0x22, 0x35, 0x11, 0x22, 0x22, 0x35, 0x11, 0x22, 0xFF, 0x35, 0x21, 0xF2, 0xEF,
    0x5D, 0x55, 0x15, 0x55, 0x3D, 0x33, 0x13, 0x33, 0x1D, 0x11, 0x11, 0x11, 0x11, 0x11, 0x11, 0x33,
    0x22, 0x11, 0x11, 0x33, 0x22, 0x22, 0x11, 0x33, 0xFF, 0x22, 0x11, 0x33, 0xFE, 0x2F, 0x12, 0x33,
    0x35, 0x21, 0xF2, 0xEE, 0x35, 0x21, 0xF2, 0xEE, 0x35, 0x21, 0xF2, 0xEF, 0x35, 0x11, 0x22, 0xFF,
    0x35, 0x11, 0x22, 0x22, 0x35, 0x11, 0x11, 0x22, 0x35, 0x11, 0x11, 0x11, 0x35, 0x11, 0x11, 0x11,
    0xEE, 0x2F, 0x12, 0x33, 0xEE, 0x2F, 0x12, 0x33, 0xFE, 0x2F, 0x12, 0x33, 0xFF, 0x22, 0x11, 0x33,
    0x22, 0x22, 0x11, 0x33, 0x22, 0x11, 0x11, 0x33, 0x11, 0x11, 0x11, 0x33, 0x11, 0x11, 0x11, 0x33,
    0x11, 0x11, 0x11, 0x11, 0x22, 0x33, 0x33, 0x43, 0x22, 0x33, 0x33, 0x43, 0x22, 0x33, 0x33, 0x43,
    0x22, 0x33, 0x33, 0x43, 0x22, 0x33, 0x33, 0x43, 0x22, 0x33, 0x33, 0x43, 0x22, 0x33, 0x33, 0x43,
    0x11, 0x11, 0x11, 0x11, 0x44, 0x44, 0x44, 0x44, 0x44, 0x44, 0x44, 0x44, 0x44, 0x44, 0x44, 0x44,
    0x44, 0x44, 0x44, 0x44, 0x44, 0x44, 0x44, 0x44, 0x44, 0x44, 0x44, 0x44, 0x44, 0x44, 0x44, 0x44,
    0x11, 0x11, 0x11, 0x11, 0x22, 0x33, 0x33, 0x43, 0x22, 0x33, 0x33, 0x43, 0x22, 0x33, 0x33, 0x43,
    0x22, 0x33, 0x33, 0x43, 0x22, 0x33, 0x33, 0x43, 0x22, 0x33, 0x33, 0x43, 0x22, 0x33, 0x33, 0x43,
    0x11, 0x11, 0x11, 0x11, 0x44, 0x44, 0x44, 0x44, 0x44, 0x44, 0x44, 0x44, 0x44, 0x44, 0x44, 0x44,
    0x44, 0x44, 0x44, 0x44, 0x44, 0x44, 0x44, 0x44, 0x44, 0x44, 0x44, 0x44, 0x44, 0x44, 0x44, 0x44,
    0x11, 0x11, 0x11, 0x11, 0x33, 0x33, 0x33, 0x33, 0x33, 0x33, 0x33, 0x33, 0x33, 0x33, 0x33, 0x33,
    0x33, 0x33, 0x33, 0x33, 0x33, 0x33, 0x33, 0x33, 0x33, 0x33, 0x33, 0x33, 0x33, 0x33, 0x33, 0x33,
    0x11, 0x11, 0x11, 0x11, 0x33, 0x22, 0x22, 0x11, 0x33, 0x22, 0x22, 0x11, 0x33, 0x22, 0x22, 0x11,
    0x33, 0x22, 0x22, 0x11, 0x33, 0x22, 0x22, 0x11, 0x33, 0x22, 0x22, 0x11, 0x33, 0x22, 0x22, 0x11,
    0x11, 0x11, 0x11, 0x11, 0x33, 0x33, 0x33, 0x33, 0x33, 0x33, 0x33, 0x33, 0x33, 0x33, 0x33, 0x33,
    0x33, 0x33, 0x33, 0x33, 0x33, 0x33, 0x33, 0x33, 0x33, 0x33, 0x33, 0x33, 0x33, 0x33, 0x33, 0x33,
    0x11, 0x11, 0x11, 0x11, 0x33, 0x22, 0x22, 0x11, 0x33, 0x22, 0x22, 0x11, 0x33, 0x22, 0x22, 0x11,
    0x33, 0x22, 0x22, 0x11, 0x33, 0x22, 0x22, 0x11, 0x33, 0x22, 0x22, 0x11, 0x33, 0x22, 0x22, 0x11,
    0x22, 0x22, 0x22, 0x22, 0x22, 0x22, 0x22, 0x22, 0x22, 0x22, 0x33, 0x33, 0x22, 0x22, 0x33, 0x33,
    0x22, 0x22, 0x43, 0x44, 0x22, 0x22, 0x13, 0x31, 0x22, 0x22, 0x33, 0x43, 0x22, 0x22, 0x33, 0x43,
    0x22, 0x22, 0x22, 0x22, 0x22, 0x22, 0x22, 0x22, 0x33, 0x33, 0x22, 0x22, 0x33, 0x33, 0x22, 0x22,
    0x44, 0x34, 0x22, 0x22, 0x13, 0x31, 0x22, 0x22, 0x34, 0x33, 0x22, 0x22, 0x34, 0x33, 0x22, 0x22,
    0x22, 0x22, 0x33, 0x43, 0x22, 0x22, 0x33, 0x41, 0x22, 0x22, 0x33, 0x33, 0x22, 0x22, 0x33, 0x44,
    0x22, 0x22, 0x33, 0x13, 0x22, 0x22, 0x33, 0x33, 0x22, 0x22, 0x22, 0x22, 0x22, 0x22, 0x22, 0x22,
    0x34, 0x33, 0x22, 0x22, 0x14, 0x33, 0x22, 0x22, 0x33, 0x33, 0x22, 0x22, 0x44, 0x33, 0x22, 0x22,
    0x31, 0x33, 0x22, 0x22, 0x33, 0x33, 0x22, 0x22, 0x22, 0x22, 0x22, 0x22, 0x22, 0x22, 0x22, 0x22,
    0x11, 0x11, 0x11, 0x11, 0x22, 0x22, 0x23, 0x22, 0x22, 0x32, 0x22, 0x22, 0x22, 0x23, 0x22, 0x32,
    0x11, 0x11, 0x11, 0x11, 0x21, 0x22, 0x32, 0x22, 0x21, 0x22, 0x23, 0x22, 0x21, 0x32, 0x22, 0x22,
    0x11, 0x11, 0x11, 0x11, 0x31, 0x22, 0x22, 0x23, 0x21, 0x22, 0x32, 0x22, 0x21, 0x22, 0x23, 0x22,
    0x11, 0x11, 0x11, 0x11, 0x22, 0x23, 0x22, 0x12, 0x32, 0x22, 0x22, 0x13, 0x23, 0x22, 0x32, 0x12,
    0x11, 0x11, 0x11, 0x11, 0x32, 0x22, 0x22, 0x23, 0x23, 0x22, 0x32, 0x22, 0x22, 0x22, 0x23, 0x22,
    0x11, 0x11, 0x11, 0x11, 0x21, 0x23, 0x22, 0x32, 0x31, 0x22, 0x22, 0x23, 0x21, 0x22, 0x32, 0x22,
    0x11, 0x11, 0x11, 0x11, 0x21, 0x32, 0x22, 0x22, 0x21, 0x23, 0x22, 0x32, 0x31, 0x22, 0x22, 0x23,
    0x11, 0x11, 0x11, 0x11, 0x22, 0x22, 0x23, 0x12, 0x22, 0x32, 0x22, 0x12, 0x22, 0x23, 0x22, 0x12,
    0x00, 0x00, 0x00, 0x00, 0x00, 0x00, 0x00, 0x00, 0x00, 0x00, 0x00, 0x00, 0x00, 0x00, 0x00, 0x00,
    0x00, 0x00, 0x00, 0x00, 0x00, 0x00, 0x00, 0x00, 0x00, 0x00, 0x00, 0x00, 0x00, 0x00, 0x00, 0x00,
    0x00, 0x00, 0x00, 0x00, 0x00, 0x00, 0x00, 0x00, 0x00, 0x00, 0x00, 0x00, 0x00, 0x00, 0x00, 0x00,
    0x00, 0x00, 0x00, 0x00, 0x00, 0x00, 0x00, 0x00, 0x00, 0x00, 0x00, 0x00, 0x00, 0x00, 0x00, 0x00,
    0x00, 0x00, 0x00, 0x00, 0x00, 0x00, 0x00, 0x00, 0x00, 0x00, 0x00, 0x00, 0x00, 0x00, 0x00, 0x00,
    0x00, 0x00, 0x00, 0x00, 0x00, 0x00, 0x00, 0x00, 0x00, 0x00, 0x00, 0x00, 0x00, 0x00, 0x00, 0x00,
    0x00, 0x00, 0x00, 0x00, 0x00, 0x00, 0x00, 0x00, 0x00, 0x00, 0x00, 0x00, 0x00, 0x00, 0x00, 0x00,
    0x00, 0x00, 0x00, 0x00, 0x00, 0x00, 0x00, 0x00, 0x00, 0x00, 0x00, 0x00, 0x00, 0x00, 0x00, 0x00,
    0x00, 0x00, 0x00, 0x00, 0x00, 0x00, 0x00, 0x00, 0x00, 0x00, 0x00, 0x00, 0x00, 0x00, 0x00, 0x00,
    0x00, 0x00, 0x00, 0x00, 0x00, 0x00, 0x00, 0x00, 0x00, 0x00, 0x00, 0x00, 0x00, 0x00, 0x00, 0x00,
    0x00, 0x00, 0x00, 0x00, 0x00, 0x00, 0x00, 0x00, 0x00, 0x00, 0x00, 0x00, 0x00, 0x00, 0x00, 0x00,
    0x00, 0x00, 0x00, 0x00, 0x00, 0x00, 0x00, 0x00, 0x00, 0x00, 0x00, 0x00, 0x00, 0x00, 0x00, 0x00,
    0x00, 0x00, 0x00, 0x00, 0x00, 0x00, 0x00, 0x00, 0x00, 0x00, 0x00, 0x00, 0x00, 0x00, 0x00, 0x00,
    0x00, 0x00, 0x00, 0x00, 0x00, 0x00, 0x00, 0x00, 0x00, 0x00, 0x00, 0x00, 0x00, 0x00, 0x00, 0x00,
    0x00, 0x00, 0x00, 0x00, 0x00, 0x00, 0x00, 0x00, 0x00, 0x00, 0x00, 0x00, 0x00, 0x00, 0x00, 0x00,
    0x00, 0x00, 0x00, 0x00, 0x00, 0x00, 0x00, 0x00, 0x00, 0x00, 0x00, 0x00, 0x00, 0x00, 0x00, 0x00,
    0x00, 0x00, 0x00, 0x00, 0x00, 0x00, 0x00, 0x00, 0x00, 0x00, 0x00, 0x00, 0x00, 0x00, 0x00, 0x00,
    0x00, 0x00, 0x00, 0x00, 0x00, 0x00, 0x00, 0x00, 0x00, 0x00, 0x00, 0x00, 0x00, 0x00, 0x00, 0x00,
    0x00, 0x00, 0x00, 0x00, 0x00, 0x00, 0x00, 0x00, 0x00, 0x00, 0x00, 0x00, 0x00, 0x00, 0x00, 0x00,
    0x00, 0x00, 0x00, 0x00, 0x00, 0x00, 0x00, 0x00, 0x00, 0x00, 0x00, 0x00, 0x00, 0x00, 0x00, 0x00,
    0x00, 0x00, 0x00, 0x00, 0x00, 0x00, 0x00, 0x00, 0x00, 0x00, 0x00, 0x00, 0x00, 0x00, 0x00, 0x00,
    0x00, 0x00, 0x00, 0x00, 0x00, 0x00, 0x00, 0x00, 0x00, 0x00, 0x00, 0x00, 0x00, 0x00, 0x00, 0x00,
    0x00, 0x00, 0x00, 0x00, 0x00, 0x00, 0x00, 0x00, 0x00, 0x00, 0x00, 0x00, 0x00, 0x00, 0x00, 0x00,
    0x00, 0x00, 0x00, 0x00, 0x00, 0x00, 0x00, 0x00, 0x00, 0x00, 0x00, 0x00, 0x00, 0x00, 0x00, 0x00,
    0x00, 0x00, 0x00, 0x00, 0x00, 0x00, 0x00, 0x00, 0x00, 0x00, 0x00, 0x00, 0x00, 0x00, 0x00, 0x00,
    0x00, 0x00, 0x00, 0x00, 0x00, 0x00, 0x00, 0x00, 0x00, 0x00, 0x00, 0x00, 0x00, 0x00, 0x00, 0x00,
    0x00, 0x00, 0x00, 0x00, 0x00, 0x00, 0x00, 0x00, 0x00, 0x00, 0x00, 0x00, 0x00, 0x00, 0x00, 0x00,
    0x00, 0x00, 0x00, 0x00, 0x00, 0x00, 0x00, 0x00, 0x00, 0x00, 0x00, 0x00, 0x00, 0x00, 0x00, 0x00,
    0x00, 0x00, 0x00, 0x00, 0x00, 0x00, 0x00, 0x00, 0x00, 0x00, 0x00, 0x00, 0x00, 0x00, 0x00, 0x00,
    0x00, 0x00, 0x00, 0x00, 0x00, 0x00, 0x00, 0x00, 0x00, 0x00, 0x00, 0x00, 0x00, 0x00, 0x00, 0x00,
    0x00, 0x00, 0x00, 0x00, 0x00, 0x00, 0x00, 0x00, 0x00, 0x00, 0x00, 0x00, 0x00, 0x00, 0x00, 0x00,
    0x00, 0x00, 0x00, 0x00, 0x00, 0x00, 0x00, 0x00, 0x00, 0x00, 0x00, 0x00, 0x00, 0x00, 0x00, 0x00,
    0x00, 0x00, 0x00, 0x00, 0x00, 0x00, 0x00, 0x00, 0x00, 0x00, 0x00, 0x00, 0x00, 0x00, 0x00, 0x00,
    0x00, 0x00, 0x00, 0x00, 0x00, 0x00, 0x00, 0x00, 0x00, 0x00, 0x00, 0x00, 0x00, 0x00, 0x00, 0x00,
    0x00, 0x00, 0x00, 0x00, 0x00, 0x00, 0x00, 0x00, 0x00, 0x00, 0x00, 0x00, 0x00, 0x00, 0x00, 0x00,
    0x00, 0x00, 0x00, 0x00, 0x00, 0x00, 0x00, 0x00, 0x00, 0x00, 0x00, 0x00, 0x00, 0x00, 0x00, 0x00,
    0x00, 0x00, 0x00, 0x00, 0x00, 0x00, 0x00, 0x00, 0x00, 0x00, 0x00, 0x00, 0x00, 0x00, 0x00, 0x00,
    0x00, 0x00, 0x00, 0x00, 0x00, 0x00, 0x00, 0x00, 0x00, 0x00, 0x00, 0x00, 0x00, 0x00, 0x00, 0x00,
    0x00, 0x00, 0x00, 0x00, 0x00, 0x00, 0x00, 0x00, 0x00, 0x00, 0x00, 0x00, 0x00, 0x00, 0x00, 0x00,
    0x00, 0x00, 0x00, 0x00, 0x00, 0x00, 0x00, 0x00, 0x00, 0x00, 0x00, 0x00, 0x00, 0x00, 0x00, 0x00,
    0x00, 0x00, 0x00, 0x00, 0x00, 0x00, 0x00, 0x00, 0x00, 0x00, 0x00, 0x00, 0x00, 0x00, 0x00, 0x00,
    0x00, 0x00, 0x00, 0x00, 0x00, 0x00, 0x00, 0x00, 0x00, 0x00, 0x00, 0x00, 0x00, 0x00, 0x00, 0x00,
    0x00, 0x00, 0x00, 0x00, 0x00, 0x00, 0x00, 0x00, 0x00, 0x00, 0x00, 0x00, 0x00, 0x00, 0x00, 0x00,
    0x00, 0x00, 0x00, 0x00, 0x00, 0x00, 0x00, 0x00, 0x00, 0x00, 0x00, 0x00, 0x00, 0x00, 0x00, 0x00,
    0x00, 0x00, 0x00, 0x00, 0x00, 0x00, 0x00, 0x00, 0x00, 0x00, 0x00, 0x00, 0x00, 0x00, 0x00, 0x00,
    0x00, 0x00, 0x00, 0x00, 0x00, 0x00, 0x00, 0x00, 0x00, 0x00, 0x00, 0x00, 0x00, 0x00, 0x00, 0x00,
    0x00, 0x00, 0x00, 0x00, 0x00, 0x00, 0x00, 0x00, 0x00, 0x00, 0x00, 0x00, 0x00, 0x00, 0x00, 0x00,
    0x00, 0x00, 0x00, 0x00, 0x00, 0x00, 0x00, 0x00, 0x00, 0x00, 0x00, 0x00, 0x00, 0x00, 0x00, 0x00,
    0x00, 0x00, 0x00, 0x00, 0x00, 0x00, 0x00, 0x00, 0x00, 0x00, 0x00, 0x00, 0x00, 0x00, 0x00, 0x00,
    0x00, 0x00, 0x00, 0x00, 0x00, 0x00, 0x00, 0x00, 0x00, 0x00, 0x00, 0x00, 0x00, 0x00, 0x00, 0x00,
    0x00, 0x00, 0x00, 0x00, 0x00, 0x00, 0x00, 0x00, 0x00, 0x00, 0x00, 0x00, 0x00, 0x00, 0x00, 0x00,
    0x00, 0x00, 0x00, 0x00, 0x00, 0x00, 0x00, 0x00, 0x00, 0x00, 0x00, 0x00, 0x00, 0x00, 0x00, 0x00,
    0x00, 0x00, 0x00, 0x00, 0x00, 0x00, 0x00, 0x00, 0x00, 0x00, 0x00, 0x00, 0x00, 0x00, 0x00, 0x00,
    0x00, 0x00, 0x00, 0x00, 0x00, 0x00, 0x00, 0x00, 0x00, 0x00, 0x00, 0x00, 0x00, 0x00, 0x00, 0x00,
    0x00, 0x00, 0x00, 0x00, 0x00, 0x00, 0x00, 0x00, 0x00, 0x00, 0x00, 0x00, 0x00, 0x00, 0x00, 0x00,
    0x00, 0x00, 0x00, 0x00, 0x00, 0x00, 0x00, 0x00, 0x00, 0x00, 0x00, 0x00, 0x00, 0x00, 0x00, 0x00,
    0x00, 0x00, 0x00, 0x00, 0x00, 0x00, 0x00, 0x00, 0x00, 0x00, 0x00, 0x00, 0x00, 0x00, 0x00, 0x00,
    0x00, 0x00, 0x00, 0x00, 0x00, 0x00, 0x00, 0x00, 0x00, 0x00, 0x00, 0x00, 0x00, 0x00, 0x00, 0x00,
    0x00, 0x00, 0x00, 0x00, 0x00, 0x00, 0x00, 0x00, 0x00, 0x00, 0x00, 0x00, 0x00, 0x00, 0x00, 0x00,
    0x00, 0x00, 0x00, 0x00, 0x00, 0x00, 0x00, 0x00, 0x00, 0x00, 0x00, 0x00, 0x00, 0x00, 0x00, 0x00,
    0x00, 0x00, 0x00, 0x00, 0x00, 0x00, 0x00, 0x00, 0x00, 0x00, 0x00, 0x00, 0x00, 0x00, 0x00, 0x00,
    0x00, 0x00, 0x00, 0x00, 0x00, 0x00, 0x00, 0x00, 0x00, 0x00, 0x00, 0x00, 0x00, 0x00, 0x00, 0x00,
    0x00, 0x00, 0x00, 0x00, 0x00, 0x00, 0x00, 0x00, 0x00, 0x00, 0x00, 0x00, 0x00, 0x00, 0x00, 0x00,
    0x00, 0x00, 0x00, 0x00, 0x00, 0x00, 0x00, 0x00, 0x00, 0x00, 0x00, 0x00, 0x00, 0x00, 0x00, 0x00,
    0x00, 0x00, 0x00, 0x00, 0x00, 0x00, 0x00, 0x00, 0x00, 0x00, 0x00, 0x00, 0x00, 0x00, 0x00, 0x00,
    0x00, 0x00, 0x00, 0x00, 0x00, 0x00, 0x00, 0x00, 0x00, 0x00, 0x00, 0x00, 0x00, 0x00, 0x00, 0x00,
    0x00, 0x00, 0x00, 0x00, 0x00, 0x00, 0x00, 0x00, 0x00, 0x00, 0x00, 0x00, 0x00, 0x00, 0x00, 0x00,
    0x00, 0x00, 0x00, 0x00, 0x00, 0x00, 0x00, 0x00, 0x00, 0x00, 0x00, 0x00, 0x00, 0x00, 0x00, 0x00,
    0x00, 0x00, 0x00, 0x00, 0x00, 0x00, 0x00, 0x00, 0x00, 0x00, 0x00, 0x00, 0x00, 0x00, 0x00, 0x00,
    0x00, 0x00, 0x00, 0x00, 0x00, 0x00, 0x00, 0x00, 0x00, 0x00, 0x00, 0x00, 0x00, 0x00, 0x00, 0x00,
    0x00, 0x00, 0x00, 0x00, 0x00, 0x00, 0x00, 0x00, 0x00, 0x00, 0x00, 0x00, 0x00, 0x00, 0x00, 0x00,
    0x00, 0x00, 0x00, 0x00, 0x00, 0x00, 0x00, 0x00, 0x00, 0x00, 0x00, 0x00, 0x00, 0x00, 0x00, 0x00,
    0x00, 0x00, 0x00, 0x00, 0x00, 0x00, 0x00, 0x00, 0x00, 0x00, 0x00, 0x00, 0x00, 0x00, 0x00, 0x00,
    0x00, 0x00, 0x00, 0x00, 0x00, 0x00, 0x00, 0x00, 0x00, 0x00, 0x00, 0x00, 0x00, 0x00, 0x00, 0x00,
    0x00, 0x00, 0x00, 0x00, 0x00, 0x00, 0x00, 0x00, 0x00, 0x00, 0x00, 0x00, 0x00, 0x00, 0x00, 0x00,
    0x00, 0x00, 0x00, 0x00, 0x00, 0x00, 0x00, 0x00, 0x00, 0x00, 0x00, 0x00, 0x00, 0x00, 0x00, 0x00,
    0x00, 0x00, 0x00, 0x00, 0x00, 0x00, 0x00, 0x00, 0x00, 0x00, 0x00, 0x00, 0x00, 0x00, 0x00, 0x00,
    0x00, 0x00, 0x00, 0x00, 0x00, 0x00, 0x00, 0x00, 0x00, 0x00, 0x00, 0x00, 0x00, 0x00, 0x00, 0x00,
    0x00, 0x00, 0x00, 0x00, 0x00, 0x00, 0x00, 0x00, 0x00, 0x00, 0x00, 0x00, 0x00, 0x00, 0x00, 0x00,
    0x00, 0x00, 0x00, 0x00, 0x00, 0x00, 0x00, 0x00, 0x00, 0x00, 0x00, 0x00, 0x00, 0x00, 0x00, 0x00,
    0x00, 0x00, 0x00, 0x00, 0x00, 0x00, 0x00, 0x00, 0x00, 0x00, 0x00, 0x00, 0x00, 0x00, 0x00, 0x00,
    0x00, 0x00, 0x00, 0x00, 0x00, 0x00, 0x00, 0x00, 0x00, 0x00, 0x00, 0x00, 0x00, 0x00, 0x00, 0x00,
    0x00, 0x00, 0x00, 0x00, 0x00, 0x00, 0x00, 0x00, 0x00, 0x00, 0x00, 0x00, 0x00, 0x00, 0x00, 0x00,
    0x00, 0x00, 0x00, 0x00, 0x00, 0x00, 0x00, 0x00, 0x00, 0x00, 0x00, 0x00, 0x00, 0x00, 0x00, 0x00,
    0x00, 0x00, 0x00, 0x00, 0x00, 0x00, 0x00, 0x00, 0x00, 0x00, 0x00, 0x00, 0x00, 0x00, 0x00, 0x00,
    0x00, 0x00, 0x00, 0x00, 0x00, 0x00, 0x00, 0x00, 0x00, 0x00, 0x00, 0x00, 0x00, 0x00, 0x00, 0x00,
    0x00, 0x00, 0x00, 0x00, 0x00, 0x00, 0x00, 0x00, 0x00, 0x00, 0x00, 0x00, 0x00, 0x00, 0x00, 0x00,
    0x00, 0x00, 0x00, 0x00, 0x00, 0x00, 0x00, 0x00, 0x00, 0x00, 0x00, 0x00, 0x00, 0x00, 0x00, 0x00,
    0x00, 0x00, 0x00, 0x00, 0x00, 0x00, 0x00, 0x00, 0x00, 0x00, 0x00, 0x00, 0x00, 0x00, 0x00, 0x00,
    0x00, 0x00, 0x00, 0x00, 0x00, 0x00, 0x00, 0x00, 0x00, 0x00, 0x00, 0x00, 0x00, 0x00, 0x00, 0x00,
    0x00, 0x00, 0x00, 0x00, 0x00, 0x00, 0x00, 0x00, 0x00, 0x00, 0x00, 0x00, 0x00, 0x00, 0x00, 0x00,
    0x00, 0x00, 0x00, 0x00, 0x00, 0x00, 0x00, 0x00, 0x00, 0x00, 0x00, 0x00, 0x00, 0x00, 0x00, 0x00,
    0x00, 0x00, 0x00, 0x00, 0x00, 0x00, 0x00, 0x00, 0x00, 0x00, 0x00, 0x00, 0x00, 0x00, 0x00, 0x00,
    0x00, 0x00, 0x00, 0x00, 0x00, 0x00, 0x00, 0x00, 0x00, 0x00, 0x00, 0x00, 0x00, 0x00, 0x00, 0x00,
    0x00, 0x00, 0x00, 0x00, 0x00, 0x00, 0x00, 0x00, 0x00, 0x00, 0x00, 0x00, 0x00, 0x00, 0x00, 0x00,
    0x00, 0x00, 0x00, 0x00, 0x00, 0x00, 0x00, 0x00, 0x00, 0x00, 0x00, 0x00, 0x00, 0x00, 0x00, 0x00,
};
const u8 g_sprites_explorer[2048] __attribute__((aligned(4))) = {
    0x00, 0x00, 0x00, 0x00, 0x00, 0x00, 0x40, 0x44, 0x00, 0x00, 0x40, 0x33, 0x00, 0x00, 0x20, 0x22,
    0x00, 0x10, 0x44, 0x22, 0x00, 0x00, 0x60, 0x61, 0x00, 0x00, 0x60, 0x56, 0x00, 0x00, 0x60, 0x56,
    0x00, 0x00, 0x00, 0x00, 0x44, 0x04, 0x00, 0x00, 0x33, 0x03, 0x00, 0x00, 0x22, 0x02, 0x00, 0x00,
    0x22, 0x22, 0x01, 0x00, 0x16, 0x06, 0x00, 0x00, 0x66, 0x06, 0x00, 0x00, 0x65, 0x06, 0x00, 0x00,
    0x00, 0x00, 0xA2, 0xAA, 0x00, 0x00, 0x28, 0xAA, 0x00, 0x00, 0xA8, 0xA2, 0x00, 0x00, 0xA8, 0xDA,
    0x00, 0x00, 0xC0, 0x0B, 0x00, 0x00, 0xC0, 0x0B, 0x00, 0x00, 0x88, 0x02, 0x00, 0x00, 0x81, 0x01,
    0xAA, 0x8A, 0x00, 0x00, 0xAA, 0x8A, 0x00, 0x00, 0xAA, 0x8A, 0x00, 0x00, 0xAD, 0x8A, 0x00, 0x00,
    0xC0, 0x0B, 0x00, 0x00, 0xC0, 0x0B, 0x00, 0x00, 0x80, 0x08, 0x00, 0x00, 0x10, 0x08, 0x00, 0x00,
    0x00, 0x00, 0x00, 0x00, 0x00, 0x00, 0x40, 0x44, 0x00, 0x00, 0x40, 0x33, 0x00, 0x00, 0x20, 0x22,
    0x00, 0x10, 0x44, 0x22, 0x00, 0x00, 0x60, 0x61, 0x00, 0x00, 0x60, 0x56, 0x00, 0x00, 0x60, 0x56,
    0x00, 0x00, 0x00, 0x00, 0x44, 0x04, 0x00, 0x00, 0x33, 0x03, 0x00, 0x00, 0x22, 0x02, 0x00, 0x00,
    0x22, 0x22, 0x01, 0x00, 0x16, 0x06, 0x00, 0x00, 0x66, 0x06, 0x00, 0x00, 0x65, 0x06, 0x00, 0x00,
    0x00, 0x00, 0xA2, 0xAA, 0x00, 0x00, 0x28, 0xAA, 0x00, 0x00, 0xA8, 0xA2, 0x00, 0x00, 0xA8, 0xDA,
    0x00, 0x00, 0xC0, 0x0B, 0x00, 0x00, 0xC0, 0x0B, 0x00, 0x00, 0x88, 0x02, 0x00, 0x00, 0x81, 0x01,
    0xAA, 0x8A, 0x00, 0x00, 0xAA, 0x8A, 0x00, 0x00, 0xAA, 0x8A, 0x00, 0x00, 0xAD, 0x8A, 0x00, 0x00,
    0xC0, 0x0B, 0x00, 0x00, 0xC0, 0x0B, 0x00, 0x00, 0x80, 0x08, 0x00, 0x00, 0x10, 0x08, 0x00, 0x00,
    0x00, 0x00, 0x00, 0x00, 0x00, 0x00, 0x40, 0x44, 0x00, 0x00, 0x40, 0x33, 0x00, 0x00, 0x20, 0x22,
    0x00, 0x10, 0x44, 0x22, 0x00, 0x00, 0x60, 0x61, 0x00, 0x00, 0x60, 0x56, 0x00, 0x00, 0x60, 0x56,
    0x00, 0x00, 0x00, 0x00, 0x44, 0x04, 0x00, 0x00, 0x33, 0x03, 0x00, 0x00, 0x22, 0x02, 0x00, 0x00,
    0x22, 0x22, 0x01, 0x00, 0x16, 0x06, 0x00, 0x00, 0x66, 0x06, 0x00, 0x00, 0x65, 0x06, 0x00, 0x00,
    0x00, 0x00, 0xA2, 0xAA, 0x00, 0x00, 0x28, 0xAA, 0x00, 0x00, 0xA8, 0xA2, 0x00, 0x00, 0xA8, 0xDA,
    0x00, 0x00, 0x00, 0xBC, 0x00, 0x00, 0x00, 0xBC, 0x00, 0x00, 0x00, 0x88, 0x00, 0x00, 0x00, 0x81,
    0xAA, 0x8A, 0x00, 0x00, 0xAA, 0x8A, 0x00, 0x00, 0xAA, 0x8A, 0x00, 0x00, 0xAD, 0x8A, 0x00, 0x00,
    0xBC, 0x00, 0x00, 0x00, 0xBC, 0x00, 0x00, 0x00, 0x88, 0x00, 0x00, 0x00, 0x81, 0x00, 0x00, 0x00,
    0x00, 0x00, 0x00, 0x00, 0x00, 0x00, 0x40, 0x44, 0x00, 0x00, 0x40, 0x33, 0x00, 0x00, 0x20, 0x22,
    0x00, 0x10, 0x44, 0x22, 0x00, 0x00, 0x60, 0x61, 0x00, 0x00, 0x60, 0x56, 0x00, 0x00, 0x60, 0x56,
    0x00, 0x00, 0x00, 0x00, 0x44, 0x04, 0x00, 0x00, 0x33, 0x03, 0x00, 0x00, 0x22, 0x02, 0x00, 0x00,
    0x22, 0x22, 0x01, 0x00, 0x16, 0x06, 0x00, 0x00, 0x66, 0x06, 0x00, 0x00, 0x65, 0x06, 0x00, 0x00,
    0x00, 0x00, 0xA2, 0xAA, 0x00, 0x00, 0x28, 0xAA, 0x00, 0x00, 0xA8, 0xA2, 0x00, 0x00, 0xA8, 0xDA,
    0x00, 0x00, 0xC0, 0x0B, 0x00, 0x00, 0xC0, 0x0B, 0x00, 0x00, 0x80, 0x08, 0x00, 0x00, 0x10, 0x08,
    0xAA, 0x8A, 0x00, 0x00, 0xAA, 0x8A, 0x00, 0x00, 0xAA, 0x8A, 0x00, 0x00, 0xAD, 0x8A, 0x00, 0x00,
    0xC0, 0x0B, 0x00, 0x00, 0xC0, 0x0B, 0x00, 0x00, 0x80, 0x28, 0x00, 0x00, 0x10, 0x18, 0x00, 0x00,
    0x00, 0x00, 0x00, 0x00, 0x00, 0x00, 0x40, 0x44, 0x00, 0x00, 0x30, 0x33, 0x00, 0x00, 0x20, 0x22,
    0x00, 0x20, 0x22, 0x22, 0x00, 0x00, 0x20, 0x22, 0x00, 0x00, 0x20, 0x22, 0x00, 0x00, 0x20, 0x22,
    0x00, 0x00, 0x00, 0x00, 0x44, 0x04, 0x00, 0x00, 0x33, 0x03, 0x00, 0x00, 0x22, 0x02, 0x00, 0x00,
    0x22, 0x22, 0x02, 0x00, 0x22, 0x02, 0x00, 0x00, 0x22, 0x02, 0x00, 0x00, 0x22, 0x02, 0x00, 0x00,
    0x00, 0x00, 0x83, 0x88, 0x00, 0x00, 0x38, 0x88, 0x00, 0x00, 0x88, 0x83, 0x00, 0x00, 0x88, 0x38,
    0x00, 0x00, 0xB0, 0x0B, 0x00, 0x00, 0xB0, 0x0B, 0x00, 0x00, 0x80, 0x08, 0x00, 0x00, 0x10, 0x01,
    0x88, 0x88, 0x00, 0x00, 0x28, 0x22, 0x00, 0x00, 0x28, 0x22, 0x00, 0x00, 0x28, 0x22, 0x00, 0x00,
    0xB0, 0x0B, 0x00, 0x00, 0xB0, 0x0B, 0x00, 0x00, 0x80, 0x08, 0x00, 0x00, 0x10, 0x01, 0x00, 0x00,
    0x00, 0x00, 0x00, 0x00, 0x00, 0x00, 0x40, 0x44, 0x00, 0x00, 0x30, 0x33, 0x00, 0x00, 0x20, 0x22,
    0x00, 0x20, 0x22, 0x22, 0x00, 0x00, 0x20, 0x22, 0x00, 0x00, 0x20, 0x22, 0x00, 0x00, 0x20, 0x22,
    0x00, 0x00, 0x00, 0x00, 0x44, 0x04, 0x00, 0x00, 0x33, 0x03, 0x00, 0x00, 0x22, 0x02, 0x00, 0x00,
    0x22, 0x22, 0x02, 0x00, 0x22, 0x02, 0x00, 0x00, 0x22, 0x02, 0x00, 0x00, 0x22, 0x02, 0x00, 0x00,
    0x00, 0x00, 0x83, 0x88, 0x00, 0x00, 0x38, 0x88, 0x00, 0x00, 0x88, 0x83, 0x00, 0x00, 0x88, 0x38,
    0x00, 0x00, 0xB0, 0x0B, 0x00, 0x00, 0xB0, 0x0B, 0x00, 0x00, 0x80, 0x08, 0x00, 0x00, 0x10, 0x01,
    0x88, 0x88, 0x00, 0x00, 0x28, 0x22, 0x00, 0x00, 0x28, 0x22, 0x00, 0x00, 0x28, 0x22, 0x00, 0x00,
    0xB0, 0x0B, 0x00, 0x00, 0xB0, 0x0B, 0x00, 0x00, 0x80, 0x08, 0x00, 0x00, 0x10, 0x01, 0x00, 0x00,
    0x00, 0x00, 0x00, 0x00, 0x00, 0x00, 0x40, 0x44, 0x00, 0x00, 0x30, 0x33, 0x00, 0x00, 0x20, 0x22,
    0x00, 0x20, 0x22, 0x22, 0x00, 0x00, 0x20, 0x22, 0x00, 0x00, 0x20, 0x22, 0x00, 0x00, 0x20, 0x22,
    0x00, 0x00, 0x00, 0x00, 0x44, 0x04, 0x00, 0x00, 0x33, 0x03, 0x00, 0x00, 0x22, 0x02, 0x00, 0x00,
    0x22, 0x22, 0x02, 0x00, 0x22, 0x02, 0x00, 0x00, 0x22, 0x02, 0x00, 0x00, 0x22, 0x02, 0x00, 0x00,
    0x00, 0x00, 0x83, 0x88, 0x00, 0x00, 0x38, 0x88, 0x00, 0x00, 0x88, 0x83, 0x00, 0x00, 0x88, 0x38,
    0x00, 0x00, 0x00, 0xBB, 0x00, 0x00, 0x00, 0xBB, 0x00, 0x00, 0x00, 0x88, 0x00, 0x00, 0x00, 0x11,
    0x88, 0x88, 0x00, 0x00, 0x28, 0x22, 0x00, 0x00, 0x28, 0x22, 0x00, 0x00, 0x28, 0x22, 0x00, 0x00,
    0xBB, 0x00, 0x00, 0x00, 0xBB, 0x00, 0x00, 0x00, 0x88, 0x00, 0x00, 0x00, 0x11, 0x00, 0x00, 0x00,
    0x00, 0x00, 0x00, 0x00, 0x00, 0x00, 0x40, 0x44, 0x00, 0x00, 0x30, 0x33, 0x00, 0x00, 0x20, 0x22,
    0x00, 0x20, 0x22, 0x22, 0x00, 0x00, 0x20, 0x22, 0x00, 0x00, 0x20, 0x22, 0x00, 0x00, 0x20, 0x22,
    0x00, 0x00, 0x00, 0x00, 0x44, 0x04, 0x00, 0x00, 0x33, 0x03, 0x00, 0x00, 0x22, 0x02, 0x00, 0x00,
    0x22, 0x22, 0x02, 0x00, 0x22, 0x02, 0x00, 0x00, 0x22, 0x02, 0x00, 0x00, 0x22, 0x02, 0x00, 0x00,
    0x00, 0x00, 0x83, 0x88, 0x00, 0x00, 0x38, 0x88, 0x00, 0x00, 0x88, 0x83, 0x00, 0x00, 0x88, 0x38,
    0x00, 0x00, 0xB0, 0x0B, 0x00, 0x00, 0xB0, 0x0B, 0x00, 0x00, 0x80, 0x08, 0x00, 0x00, 0x10, 0x01,
    0x88, 0x88, 0x00, 0x00, 0x28, 0x22, 0x00, 0x00, 0x28, 0x22, 0x00, 0x00, 0x28, 0x22, 0x00, 0x00,
    0xB0, 0x0B, 0x00, 0x00, 0xB0, 0x0B, 0x00, 0x00, 0x80, 0x88, 0x00, 0x00, 0x00, 0x11, 0x00, 0x00,
    0x00, 0x00, 0x00, 0x00, 0x00, 0x00, 0x40, 0x44, 0x00, 0x00, 0x40, 0x33, 0x00, 0x00, 0x20, 0x22,
    0x00, 0x10, 0x33, 0x33, 0x00, 0x00, 0x00, 0x66, 0x00, 0x00, 0x00, 0x66, 0x00, 0x00, 0x00, 0x66,
    0x00, 0x00, 0x00, 0x00, 0x44, 0x04, 0x00, 0x00, 0x33, 0x03, 0x00, 0x00, 0x22, 0x02, 0x00, 0x00,
    0x43, 0x44, 0x01, 0x00, 0x66, 0x06, 0x00, 0x00, 0x66, 0x06, 0x00, 0x00, 0x66, 0x06, 0x00, 0x00,
    0x00, 0x00, 0x80, 0x88, 0x00, 0x00, 0x80, 0x88, 0x00, 0x00, 0x80, 0x88, 0x00, 0x00, 0x80, 0xD8,
    0x00, 0x00, 0x00, 0xC0, 0x00, 0x00, 0x00, 0xC0, 0x00, 0x00, 0x00, 0x88, 0x00, 0x00, 0x00, 0x11,
    0x88, 0x08, 0x00, 0x00, 0x88, 0x08, 0x00, 0x00, 0x88, 0x08, 0x00, 0x00, 0x88, 0x08, 0x00, 0x00,
    0x0B, 0x00, 0x00, 0x00, 0x0B, 0x00, 0x00, 0x00, 0x00, 0x00, 0x00, 0x00, 0x00, 0x00, 0x00, 0x00,
    0x00, 0x00, 0x00, 0x00, 0x00, 0x00, 0x40, 0x44, 0x00, 0x00, 0x40, 0x33, 0x00, 0x00, 0x20, 0x22,
    0x00, 0x10, 0x33, 0x33, 0x00, 0x00, 0x00, 0x66, 0x00, 0x00, 0x00, 0x66, 0x00, 0x00, 0x00, 0x66,
    0x00, 0x00, 0x00, 0x00, 0x44, 0x04, 0x00, 0x00, 0x33, 0x03, 0x00, 0x00, 0x22, 0x02, 0x00, 0x00,
    0x43, 0x44, 0x01, 0x00, 0x66, 0x06, 0x00, 0x00, 0x66, 0x06, 0x00, 0x00, 0x66, 0x06, 0x00, 0x00,
    0x00, 0x00, 0x80, 0x88, 0x00, 0x00, 0x80, 0x88, 0x00, 0x00, 0x80, 0x88, 0x00, 0x00, 0x80, 0xD8,
    0x00, 0x00, 0x00, 0xC0, 0x00, 0x00, 0x00, 0xC0, 0x00, 0x00, 0x00, 0x88, 0x00, 0x00, 0x00, 0x11,
    0x88, 0x08, 0x00, 0x00, 0x88, 0x08, 0x00, 0x00, 0x88, 0x08, 0x00, 0x00, 0x88, 0x08, 0x00, 0x00,
    0x0B, 0x00, 0x00, 0x00, 0x0B, 0x00, 0x00, 0x00, 0x00, 0x00, 0x00, 0x00, 0x00, 0x00, 0x00, 0x00,
    0x00, 0x00, 0x00, 0x00, 0x00, 0x00, 0x40, 0x44, 0x00, 0x00, 0x40, 0x33, 0x00, 0x00, 0x20, 0x22,
    0x00, 0x10, 0x33, 0x33, 0x00, 0x00, 0x00, 0x66, 0x00, 0x00, 0x00, 0x66, 0x00, 0x00, 0x00, 0x66,
    0x00, 0x00, 0x00, 0x00, 0x44, 0x04, 0x00, 0x00, 0x33, 0x03, 0x00, 0x00, 0x22, 0x02, 0x00, 0x00,
    0x43, 0x44, 0x01, 0x00, 0x66, 0x06, 0x00, 0x00, 0x66, 0x06, 0x00, 0x00, 0x66, 0x06, 0x00, 0x00,
    0x00, 0x00, 0x80, 0x88, 0x00, 0x00, 0x80, 0x88, 0x00, 0x00, 0x80, 0x88, 0x00, 0x00, 0x80, 0xD8,
    0x00, 0x00, 0x00, 0x0C, 0x00, 0x00, 0xC0, 0x00, 0x00, 0x00, 0x08, 0x00, 0x00, 0x00, 0x01, 0x00,
    0x88, 0x08, 0x00, 0x00, 0x88, 0x08, 0x00, 0x00, 0x88, 0x08, 0x00, 0x00, 0x88, 0x08, 0x00, 0x00,
    0xB0, 0x00, 0x00, 0x00, 0x00, 0x0B, 0x00, 0x00, 0x00, 0x80, 0x00, 0x00, 0x00, 0x10, 0x00, 0x00,
    0x00, 0x00, 0x00, 0x00, 0x00, 0x00, 0x40, 0x44, 0x00, 0x00, 0x40, 0x33, 0x00, 0x00, 0x20, 0x22,
    0x00, 0x10, 0x33, 0x33, 0x00, 0x00, 0x00, 0x66, 0x00, 0x00, 0x00, 0x66, 0x00, 0x00, 0x00, 0x66,
    0x00, 0x00, 0x00, 0x00, 0x44, 0x04, 0x00, 0x00, 0x33, 0x03, 0x00, 0x00, 0x22, 0x02, 0x00, 0x00,
    0x43, 0x44, 0x01, 0x00, 0x66, 0x06, 0x00, 0x00, 0x66, 0x06, 0x00, 0x00, 0x66, 0x06, 0x00, 0x00,
    0x00, 0x00, 0x80, 0x88, 0x00, 0x00, 0x80, 0x88, 0x00, 0x00, 0x80, 0x88, 0x00, 0x00, 0x80, 0xD8,
    0x00, 0x00, 0x00, 0xC0, 0x00, 0x00, 0x00, 0x00, 0x00, 0x00, 0x00, 0x00, 0x00, 0x00, 0x00, 0x00,
    0x88, 0x08, 0x00, 0x00, 0x88, 0x08, 0x00, 0x00, 0x88, 0x08, 0x00, 0x00, 0x88, 0x08, 0x00, 0x00,
    0x0B, 0x00, 0x00, 0x00, 0xBC, 0x00, 0x00, 0x00, 0x80, 0x08, 0x00, 0x00, 0x10, 0x01, 0x00, 0x00,
    0x00, 0x00, 0x00, 0x00, 0x00, 0x00, 0x40, 0x44, 0x00, 0x00, 0x40, 0x33, 0x00, 0x00, 0x20, 0x22,
    0x00, 0x10, 0x33, 0x33, 0x00, 0x00, 0x00, 0x66, 0x00, 0x00, 0x00, 0x66, 0x00, 0x00, 0x00, 0x66,
    0x00, 0x00, 0x00, 0x00, 0x44, 0x04, 0x00, 0x00, 0x33, 0x03, 0x00, 0x00, 0x22, 0x02, 0x00, 0x00,
    0x43, 0x44, 0x01, 0x00, 0x66, 0x06, 0x00, 0x00, 0x66, 0x06, 0x00, 0x00, 0x66, 0x06, 0x00, 0x00,
    0x00, 0x00, 0x80, 0x88, 0x00, 0x00, 0x80, 0x88, 0x00, 0x00, 0x80, 0x88, 0x00, 0x00, 0x80, 0xD8,
    0x00, 0x00, 0x00, 0x0C, 0x00, 0x00, 0xC0, 0x00, 0x00, 0x00, 0x08, 0x00, 0x00, 0x00, 0x01, 0x00,
    0x88, 0x68, 0x76, 0x00, 0x88, 0x68, 0x76, 0x00, 0x88, 0x08, 0x00, 0x00, 0x88, 0x08, 0x00, 0x00,
    0xB0, 0x00, 0x00, 0x00, 0x00, 0x0B, 0x00, 0x00, 0x00, 0x80, 0x00, 0x00, 0x00, 0x10, 0x00, 0x00,
    0x00, 0x00, 0x00, 0x00, 0x00, 0x00, 0x40, 0x44, 0x00, 0x00, 0x40, 0x33, 0x00, 0x00, 0x20, 0x22,
    0x00, 0x10, 0x33, 0x33, 0x00, 0x00, 0x00, 0x66, 0x00, 0x00, 0x00, 0x66, 0x00, 0x00, 0x00, 0x66,
    0x00, 0x00, 0x00, 0x00, 0x44, 0x04, 0x00, 0x00, 0x33, 0x03, 0x00, 0x00, 0x22, 0x02, 0x00, 0x00,
    0x43, 0x44, 0x01, 0x00, 0x66, 0x06, 0x00, 0x00, 0x66, 0x06, 0x00, 0x00, 0x66, 0x06, 0x00, 0x00,
    0x00, 0x00, 0x80, 0x88, 0x00, 0x00, 0x80, 0x88, 0x00, 0x00, 0x80, 0x88, 0x00, 0x00, 0x80, 0xD8,
    0x00, 0x00, 0x00, 0x0C, 0x00, 0x00, 0xC0, 0x00, 0x00, 0x00, 0x08, 0x00, 0x00, 0x00, 0x01, 0x00,
    0x88, 0x08, 0x77, 0x0E, 0x88, 0x08, 0x77, 0x0E, 0x88, 0x08, 0x00, 0x00, 0x88, 0x08, 0x00, 0x00,
    0xB0, 0x00, 0x00, 0x00, 0x00, 0x0B, 0x00, 0x00, 0x00, 0x80, 0x00, 0x00, 0x00, 0x10, 0x00, 0x00,
    0x00, 0x00, 0x00, 0x00, 0x00, 0x00, 0x00, 0x00, 0x00, 0x00, 0x00, 0x00, 0x00, 0x00, 0x00, 0x00,
    0x00, 0x00, 0x00, 0x00, 0x00, 0x00, 0x00, 0x00, 0x00, 0x00, 0x00, 0x00, 0x00, 0x00, 0x00, 0x00,
    0x00, 0x00, 0x00, 0x00, 0x00, 0x00, 0x00, 0x00, 0x00, 0x00, 0x00, 0x00, 0x00, 0x00, 0x00, 0x00,
    0x00, 0x00, 0x00, 0x00, 0x00, 0x00, 0x00, 0x00, 0x00, 0x00, 0x00, 0x00, 0x00, 0x00, 0x00, 0x00,
    0x00, 0x00, 0x33, 0x33, 0x00, 0x00, 0x22, 0x22, 0x00, 0x00, 0x22, 0x22, 0xF0, 0xFF, 0xFF, 0xFF,
    0xF0, 0x6F, 0x66, 0x66, 0xF0, 0x6F, 0x66, 0x66, 0xF0, 0x6F, 0x66, 0x66, 0x10, 0x11, 0x11, 0x11,
    0x33, 0x33, 0x00, 0x00, 0x22, 0x22, 0x00, 0x00, 0x22, 0x22, 0x00, 0x00, 0xFF, 0xFF, 0xFF, 0x0F,
    0x66, 0x66, 0xF6, 0x0F, 0x66, 0x66, 0xF6, 0x0F, 0x66, 0x66, 0xF6, 0x0F, 0x11, 0x11, 0x11, 0x01,
    0x00, 0x00, 0x00, 0x00, 0x00, 0x00, 0x40, 0x44, 0x00, 0x00, 0x40, 0x33, 0x00, 0x00, 0x20, 0x22,
    0x00, 0x10, 0x44, 0x22, 0x00, 0x00, 0x60, 0x61, 0x00, 0x00, 0x60, 0x56, 0x00, 0x00, 0x60, 0x56,
    0x00, 0x00, 0x00, 0x00, 0x44, 0x34, 0x33, 0x03, 0x33, 0x33, 0x33, 0x03, 0x22, 0x32, 0x33, 0x03,
    0x22, 0x32, 0x33, 0x03, 0x16, 0x06, 0x00, 0x00, 0x66, 0x06, 0x00, 0x00, 0x65, 0x06, 0x00, 0x00,
    0x00, 0x00, 0xA2, 0xAA, 0x00, 0x00, 0x28, 0xAA, 0x00, 0x00, 0xA8, 0xA2, 0x00, 0x00, 0xA8, 0xDA,
    0x00, 0x00, 0xC0, 0x0B, 0x00, 0x00, 0xC0, 0x0B, 0x00, 0x00, 0x88, 0x02, 0x00, 0x00, 0x81, 0x01,
    0xAA, 0x8A, 0x00, 0x00, 0xAA, 0x8A, 0x00, 0x00, 0xAA, 0x8A, 0x00, 0x00, 0xAD, 0x8A, 0x00, 0x00,
    0xC0, 0x0B, 0x00, 0x00, 0xC0, 0x0B, 0x00, 0x00, 0x80, 0x08, 0x00, 0x00, 0x10, 0x08, 0x00, 0x00,
};
const u8 g_sprites_enemies[1024] __attribute__((aligned(4))) = {
    0x00, 0x00, 0x00, 0x00, 0x00, 0x00, 0x00, 0x00, 0x00, 0x00, 0x00, 0x00, 0x00, 0x00, 0x00, 0x00,
    0x00, 0x00, 0x00, 0x00, 0x00, 0x00, 0x00, 0x00, 0x00, 0x00, 0x00, 0x00, 0x00, 0x00, 0x00, 0x00,
    0x00, 0x00, 0x00, 0x00, 0x00, 0x00, 0x00, 0x00, 0x00, 0x00, 0x00, 0x00, 0x00, 0x00, 0x00, 0x00,
    0x00, 0x00, 0x00, 0x00, 0x00, 0x30, 0x33, 0x04, 0x00, 0x30, 0x63, 0x01, 0x00, 0x20, 0x33, 0x04,
    0x00, 0x00, 0x00, 0x00, 0x00, 0x00, 0x00, 0x00, 0x00, 0x00, 0x00, 0x00, 0x00, 0x40, 0x44, 0x00,
    0x00, 0x30, 0x33, 0x00, 0x10, 0x54, 0x55, 0x44, 0x10, 0x03, 0x00, 0x33, 0x10, 0x01, 0x00, 0x11,
    0x00, 0x20, 0x33, 0x04, 0x00, 0x30, 0x33, 0x04, 0x00, 0x30, 0x33, 0x04, 0x40, 0x44, 0x00, 0x00,
    0x30, 0x33, 0x00, 0x00, 0x54, 0x55, 0x44, 0x00, 0x03, 0x00, 0x33, 0x00, 0x01, 0x00, 0x11, 0x00,
    0x00, 0x00, 0x00, 0x00, 0x00, 0x00, 0x00, 0x00, 0x00, 0x00, 0x00, 0x00, 0x00, 0x00, 0x00, 0x00,
    0x00, 0x00, 0x00, 0x00, 0x00, 0x00, 0x00, 0x00, 0x00, 0x00, 0x00, 0x00, 0x00, 0x00, 0x00, 0x00,
    0x00, 0x00, 0x00, 0x00, 0x00, 0x00, 0x00, 0x00, 0x00, 0x00, 0x00, 0x00, 0x00, 0x00, 0x00, 0x00,
    0x00, 0x00, 0x00, 0x00, 0x00, 0x30, 0x33, 0x04, 0x00, 0x30, 0x63, 0x01, 0x00, 0x20, 0x33, 0x04,
    0x00, 0x00, 0x00, 0x00, 0x00, 0x00, 0x00, 0x00, 0x00, 0x00, 0x00, 0x00, 0x10, 0x04, 0x00, 0x44,
    0x10, 0x03, 0x00, 0x33, 0x10, 0x45, 0x44, 0x55, 0x00, 0x30, 0x33, 0x00, 0x00, 0x10, 0x11, 0x00,
    0x00, 0x20, 0x33, 0x64, 0x00, 0x30, 0x33, 0x04, 0x00, 0x30, 0x33, 0x04, 0x04, 0x00, 0x44, 0x00,
    0x03, 0x00, 0x33, 0x00, 0x45, 0x44, 0x55, 0x00, 0x30, 0x33, 0x00, 0x00, 0x10, 0x11, 0x00, 0x00,
    0x00, 0x00, 0x00, 0x00, 0x00, 0x00, 0x00, 0x00, 0x00, 0x00, 0x00, 0x00, 0x00, 0x00, 0x00, 0x00,
    0x00, 0x00, 0x00, 0x00, 0x00, 0x00, 0x00, 0x00, 0x00, 0x00, 0x00, 0x00, 0x00, 0x00, 0x00, 0x00,
    0x00, 0x00, 0x00, 0x00, 0x00, 0x00, 0x00, 0x00, 0x00, 0x00, 0x00, 0x00, 0x00, 0x00, 0x00, 0x00,
    0x00, 0x00, 0x00, 0x00, 0x00, 0x30, 0x33, 0x04, 0x00, 0x30, 0x63, 0x01, 0x00, 0x20, 0x33, 0x04,
    0x00, 0x00, 0x00, 0x00, 0x00, 0x00, 0x00, 0x00, 0x00, 0x00, 0x00, 0x00, 0x00, 0x40, 0x44, 0x00,
    0x00, 0x30, 0x33, 0x00, 0x10, 0x54, 0x55, 0x44, 0x10, 0x03, 0x00, 0x33, 0x10, 0x01, 0x00, 0x11,
    0x00, 0x20, 0x33, 0x04, 0x00, 0x30, 0x33, 0x04, 0x00, 0x30, 0x33, 0x04, 0x40, 0x44, 0x00, 0x00,
    0x30, 0x33, 0x00, 0x00, 0x54, 0x55, 0x44, 0x00, 0x03, 0x00, 0x33, 0x00, 0x01, 0x00, 0x11, 0x00,
    0x00, 0x00, 0x00, 0x00, 0x00, 0x00, 0x00, 0x00, 0x00, 0x00, 0x00, 0x00, 0x00, 0x00, 0x00, 0x00,
    0x00, 0x00, 0x00, 0x00, 0x00, 0x00, 0x00, 0x00, 0x00, 0x00, 0x00, 0x00, 0x00, 0x00, 0x00, 0x00,
    0x00, 0x00, 0x00, 0x00, 0x00, 0x00, 0x00, 0x00, 0x00, 0x00, 0x00, 0x00, 0x00, 0x00, 0x00, 0x00,
    0x00, 0x00, 0x00, 0x00, 0x00, 0x30, 0x33, 0x04, 0x00, 0x30, 0x63, 0x01, 0x00, 0x20, 0x33, 0x64,
    0x00, 0x00, 0x00, 0x00, 0x00, 0x00, 0x00, 0x00, 0x00, 0x00, 0x00, 0x00, 0x10, 0x04, 0x00, 0x44,
    0x10, 0x03, 0x00, 0x33, 0x10, 0x45, 0x44, 0x55, 0x00, 0x30, 0x33, 0x00, 0x00, 0x10, 0x11, 0x00,
    0x00, 0x20, 0x33, 0x64, 0x00, 0x30, 0x33, 0x04, 0x00, 0x30, 0x33, 0x04, 0x04, 0x00, 0x44, 0x00,
    0x03, 0x00, 0x33, 0x00, 0x45, 0x44, 0x55, 0x00, 0x30, 0x33, 0x00, 0x00, 0x10, 0x11, 0x00, 0x00,
    0x00, 0x00, 0x00, 0x00, 0x00, 0x00, 0x00, 0x00, 0x00, 0x00, 0x00, 0x00, 0x00, 0x09, 0x00, 0x00,
    0x00, 0x00, 0x00, 0x00, 0x00, 0x00, 0x80, 0x77, 0x00, 0x09, 0xB0, 0x88, 0x00, 0x00, 0x80, 0xAA,
    0x00, 0x00, 0x00, 0x00, 0x00, 0x00, 0x00, 0x00, 0x00, 0x00, 0x00, 0x00, 0x00, 0x00, 0x90, 0x00,
    0x00, 0x00, 0x00, 0x00, 0x78, 0x08, 0x00, 0x00, 0x89, 0x78, 0x90, 0x00, 0x99, 0x78, 0x00, 0x00,
    0x00, 0x00, 0x80, 0x9A, 0x00, 0x00, 0x80, 0x98, 0x00, 0x09, 0x80, 0x88, 0x00, 0x00, 0x00, 0x77,
    0x00, 0x00, 0x00, 0x00, 0x00, 0x09, 0x00, 0x00, 0x00, 0x00, 0x00, 0x00, 0x00, 0x00, 0x00, 0x00,
    0x99, 0x89, 0x00, 0x00, 0x99, 0x78, 0x00, 0x00, 0x89, 0x78, 0x90, 0x00, 0x78, 0x07, 0x00, 0x00,
    0x00, 0x00, 0x00, 0x00, 0x00, 0x00, 0x90, 0x00, 0x00, 0x00, 0x00, 0x00, 0x00, 0x00, 0x00, 0x00,
    0x00, 0x00, 0x00, 0x00, 0x00, 0x00, 0x00, 0x00, 0x00, 0x90, 0x00, 0x00, 0x00, 0x00, 0x00, 0x00,
    0x00, 0x00, 0x00, 0x00, 0x00, 0x00, 0x80, 0x77, 0x00, 0x00, 0xB0, 0x88, 0x00, 0x09, 0x80, 0xAA,
    0x00, 0x00, 0x00, 0x00, 0x00, 0x00, 0x00, 0x00, 0x00, 0x00, 0x09, 0x00, 0x00, 0x00, 0x00, 0x00,
    0x00, 0x00, 0x00, 0x00, 0x78, 0x08, 0x00, 0x00, 0x89, 0x78, 0x00, 0x00, 0x99, 0x78, 0x90, 0x00,
    0x00, 0x00, 0x80, 0x9A, 0x00, 0x00, 0x80, 0x98, 0x00, 0x90, 0x70, 0x88, 0x00, 0x00, 0x80, 0x77,
    0x00, 0x00, 0x00, 0x00, 0x00, 0x00, 0x00, 0x00, 0x00, 0x09, 0x00, 0x00, 0x00, 0x00, 0x00, 0x00,
    0x99, 0x89, 0x00, 0x00, 0x99, 0x78, 0x00, 0x00, 0x89, 0x78, 0x09, 0x00, 0x78, 0x08, 0x00, 0x00,
    0x00, 0x00, 0x00, 0x00, 0x00, 0x00, 0x00, 0x00, 0x00, 0x00, 0x90, 0x00, 0x00, 0x00, 0x00, 0x00,
    0x00, 0x00, 0x00, 0x00, 0x00, 0x00, 0x00, 0x00, 0x00, 0x09, 0x00, 0x00, 0x00, 0x00, 0x00, 0x00,
    0x00, 0x00, 0x00, 0x00, 0x00, 0x00, 0x80, 0x77, 0x00, 0x90, 0xB0, 0x88, 0x00, 0x00, 0x80, 0xAA,
    0x00, 0x00, 0x00, 0x00, 0x00, 0x00, 0x00, 0x00, 0x00, 0x00, 0x90, 0x00, 0x00, 0x00, 0x00, 0x00,
    0x00, 0x00, 0x00, 0x00, 0x78, 0x08, 0x00, 0x00, 0x89, 0x78, 0x09, 0x00, 0x99, 0x78, 0x00, 0x00,
    0x00, 0x00, 0x80, 0x9A, 0x00, 0x00, 0x80, 0x98, 0x00, 0x00, 0x80, 0x88, 0x00, 0x09, 0x00, 0x77,
    0x00, 0x00, 0x00, 0x00, 0x00, 0x90, 0x00, 0x00, 0x00, 0x00, 0x00, 0x00, 0x00, 0x00, 0x00, 0x00,
    0x99, 0x89, 0x00, 0x00, 0x99, 0x78, 0x00, 0x00, 0x89, 0x78, 0x00, 0x00, 0x78, 0x07, 0x90, 0x00,
    0x00, 0x00, 0x00, 0x00, 0x00, 0x00, 0x09, 0x00, 0x00, 0x00, 0x00, 0x00, 0x00, 0x00, 0x00, 0x00,
    0x00, 0x00, 0x00, 0x00, 0x00, 0x00, 0x00, 0x00, 0x00, 0x00, 0x00, 0x00, 0x00, 0x90, 0x00, 0x00,
    0x00, 0x00, 0x00, 0x00, 0x00, 0x09, 0x80, 0x77, 0x00, 0x00, 0x80, 0x88, 0x00, 0x00, 0x70, 0xAA,
    0x00, 0x00, 0x00, 0x00, 0x00, 0x00, 0x00, 0x00, 0x00, 0x00, 0x00, 0x00, 0x00, 0x00, 0x09, 0x00,
    0x00, 0x00, 0x00, 0x00, 0x78, 0x08, 0x90, 0x00, 0x89, 0x78, 0x00, 0x00, 0x99, 0x78, 0x00, 0x00,
    0x00, 0x00, 0x80, 0x9A, 0x00, 0x90, 0xB0, 0x98, 0x00, 0x00, 0x80, 0x88, 0x00, 0x00, 0x00, 0x77,
    0x00, 0x00, 0x00, 0x00, 0x00, 0x09, 0x00, 0x00, 0x00, 0x00, 0x00, 0x00, 0x00, 0x00, 0x00, 0x00,
    0x99, 0x88, 0x00, 0x00, 0x99, 0x78, 0x09, 0x00, 0x89, 0x78, 0x00, 0x00, 0x78, 0x07, 0x00, 0x00,
    0x00, 0x00, 0x00, 0x00, 0x00, 0x00, 0x90, 0x00, 0x00, 0x00, 0x00, 0x00, 0x00, 0x00, 0x00, 0x00,
};
const u8 g_sprites_objects[2048] __attribute__((aligned(4))) = {
    0x00, 0x00, 0x00, 0x00, 0x00, 0x00, 0x10, 0x11, 0x00, 0x00, 0x41, 0x44, 0x00, 0x40, 0x44, 0x44,
    0x00, 0x41, 0x44, 0x44, 0x10, 0x24, 0x44, 0x44, 0x10, 0x22, 0x22, 0x34, 0x10, 0x44, 0x24, 0x22,
    0x00, 0x00, 0x00, 0x00, 0x11, 0x01, 0x00, 0x00, 0x44, 0x14, 0x00, 0x00, 0x44, 0x33, 0x03, 0x00,
    0x34, 0x33, 0x13, 0x00, 0x33, 0x33, 0x23, 0x01, 0x33, 0x33, 0x22, 0x01, 0x32, 0x23, 0x22, 0x01,
    0x10, 0x44, 0x34, 0x23, 0x10, 0x44, 0x33, 0x33, 0x10, 0x34, 0x33, 0x33, 0x00, 0x31, 0x33, 0x23,
    0x00, 0x30, 0x33, 0x22, 0x00, 0x00, 0x21, 0x22, 0x00, 0x00, 0x10, 0x11, 0x00, 0x00, 0x00, 0x00,
    0x22, 0x22, 0x22, 0x01, 0x23, 0x22, 0x22, 0x01, 0x22, 0x22, 0x22, 0x01, 0x22, 0x22, 0x12, 0x00,
    0x22, 0x22, 0x02, 0x00, 0x22, 0x12, 0x00, 0x00, 0x11, 0x01, 0x00, 0x00, 0x00, 0x00, 0x00, 0x00,
    0x00, 0x00, 0x00, 0x00, 0x00, 0x00, 0x10, 0x11, 0x00, 0x00, 0x41, 0x44, 0x00, 0x40, 0x44, 0x44,
    0x00, 0x41, 0x44, 0x44, 0x10, 0x44, 0x44, 0x44, 0x10, 0x44, 0x44, 0x34, 0x10, 0x44, 0x44, 0x23,
    0x00, 0x00, 0x00, 0x00, 0x11, 0x01, 0x00, 0x00, 0x24, 0x14, 0x00, 0x00, 0x24, 0x32, 0x03, 0x00,
    0x24, 0x33, 0x13, 0x00, 0x22, 0x33, 0x23, 0x01, 0x32, 0x33, 0x22, 0x01, 0x32, 0x23, 0x22, 0x01,
    0x10, 0x44, 0x34, 0x23, 0x10, 0x44, 0x33, 0x23, 0x10, 0x34, 0x33, 0x22, 0x00, 0x31, 0x33, 0x22,
    0x00, 0x30, 0x23, 0x22, 0x00, 0x00, 0x21, 0x22, 0x00, 0x00, 0x10, 0x11, 0x00, 0x00, 0x00, 0x00,
    0x32, 0x22, 0x22, 0x01, 0x23, 0x22, 0x22, 0x01, 0x22, 0x22, 0x22, 0x01, 0x22, 0x22, 0x12, 0x00,
    0x22, 0x22, 0x02, 0x00, 0x22, 0x12, 0x00, 0x00, 0x11, 0x01, 0x00, 0x00, 0x00, 0x00, 0x00, 0x00,
    0x00, 0x00, 0x00, 0x00, 0x00, 0x00, 0x10, 0x11, 0x00, 0x00, 0x41, 0x44, 0x00, 0x40, 0x44, 0x44,
    0x00, 0x41, 0x44, 0x44, 0x10, 0x24, 0x44, 0x44, 0x10, 0x22, 0x22, 0x34, 0x10, 0x44, 0x24, 0x22,
    0x00, 0x00, 0x00, 0x00, 0x11, 0x01, 0x00, 0x00, 0x44, 0x14, 0x00, 0x00, 0x44, 0x33, 0x03, 0x00,
    0x34, 0x33, 0x13, 0x00, 0x33, 0x33, 0x23, 0x01, 0x33, 0x33, 0x22, 0x01, 0x32, 0x23, 0x22, 0x01,
    0x10, 0x44, 0x34, 0x23, 0x10, 0x44, 0x33, 0x33, 0x10, 0x34, 0x33, 0x33, 0x00, 0x31, 0x33, 0x23,
    0x00, 0x30, 0x33, 0x22, 0x00, 0x00, 0x21, 0x22, 0x00, 0x00, 0x10, 0x11, 0x00, 0x00, 0x00, 0x00,
    0x22, 0x22, 0x22, 0x01, 0x23, 0x22, 0x22, 0x01, 0x22, 0x22, 0x22, 0x01, 0x22, 0x22, 0x12, 0x00,
    0x22, 0x22, 0x02, 0x00, 0x22, 0x12, 0x00, 0x00, 0x11, 0x01, 0x00, 0x00, 0x00, 0x00, 0x00, 0x00,
    0x00, 0x00, 0x00, 0x00, 0x00, 0x00, 0x10, 0x11, 0x00, 0x00, 0x41, 0x44, 0x00, 0x40, 0x44, 0x44,
    0x00, 0x41, 0x44, 0x44, 0x10, 0x44, 0x44, 0x44, 0x10, 0x44, 0x44, 0x34, 0x10, 0x44, 0x44, 0x23,
    0x00, 0x00, 0x00, 0x00, 0x11, 0x01, 0x00, 0x00, 0x24, 0x14, 0x00, 0x00, 0x24, 0x32, 0x03, 0x00,
    0x24, 0x33, 0x13, 0x00, 0x22, 0x33, 0x23, 0x01, 0x32, 0x33, 0x22, 0x01, 0x32, 0x23, 0x22, 0x01,
    0x10, 0x44, 0x34, 0x23, 0x10, 0x44, 0x33, 0x23, 0x10, 0x34, 0x33, 0x22, 0x00, 0x31, 0x33, 0x22,
    0x00, 0x30, 0x23, 0x22, 0x00, 0x00, 0x21, 0x22, 0x00, 0x00, 0x10, 0x11, 0x00, 0x00, 0x00, 0x00,
    0x32, 0x22, 0x22, 0x01, 0x23, 0x22, 0x22, 0x01, 0x22, 0x22, 0x22, 0x01, 0x22, 0x22, 0x12, 0x00,
    0x22, 0x22, 0x02, 0x00, 0x22, 0x12, 0x00, 0x00, 0x11, 0x01, 0x00, 0x00, 0x00, 0x00, 0x00, 0x00,
    0x00, 0x00, 0x00, 0x00, 0x00, 0x00, 0x00, 0x00, 0x00, 0x00, 0x00, 0x10, 0x00, 0x00, 0x00, 0x51,
    0x00, 0x00, 0x10, 0x54, 0x00, 0x00, 0x81, 0x58, 0x00, 0x10, 0x44, 0x54, 0x00, 0x51, 0x55, 0x55,
    0x00, 0x00, 0x00, 0x00, 0x00, 0x00, 0x00, 0x00, 0x01, 0x00, 0x00, 0x00, 0x15, 0x00, 0x00, 0x00,
    0x55, 0x01, 0x00, 0x00, 0x55, 0x15, 0x00, 0x00, 0x55, 0x55, 0x01, 0x00, 0x55, 0x55, 0x15, 0x00,
    0x00, 0x51, 0x55, 0x55, 0x00, 0x10, 0x55, 0x55, 0x00, 0x00, 0x51, 0x55, 0x00, 0x00, 0x10, 0x55,
    0x00, 0x00, 0x00, 0x51, 0x00, 0x00, 0x00, 0x10, 0x00, 0x00, 0x00, 0x00, 0x00, 0x00, 0x00, 0x00,
    0x55, 0x55, 0x15, 0x00, 0x65, 0x66, 0x01, 0x00, 0x65, 0x16, 0x00, 0x00, 0x65, 0x01, 0x00, 0x00,
    0x15, 0x00, 0x00, 0x00, 0x01, 0x00, 0x00, 0x00, 0x00, 0x00, 0x00, 0x00, 0x00, 0x00, 0x00, 0x00,
    0x00, 0x00, 0x00, 0x00, 0x00, 0x00, 0x00, 0x00, 0x00, 0x00, 0x00, 0x10, 0x00, 0x00, 0x00, 0x61,
    0x00, 0x00, 0x10, 0x65, 0x00, 0x00, 0x81, 0x68, 0x00, 0x10, 0x55, 0x65, 0x00, 0x61, 0x66, 0x66,
    0x00, 0x00, 0x00, 0x00, 0x00, 0x00, 0x00, 0x00, 0x01, 0x00, 0x00, 0x00, 0x16, 0x00, 0x00, 0x00,
    0x66, 0x01, 0x00, 0x00, 0x66, 0x16, 0x00, 0x00, 0x66, 0x66, 0x01, 0x00, 0x66, 0x66, 0x16, 0x00,
    0x00, 0x61, 0x66, 0x66, 0x00, 0x10, 0x66, 0x66, 0x00, 0x00, 0x61, 0x66, 0x00, 0x00, 0x10, 0x66,
    0x00, 0x00, 0x00, 0x61, 0x00, 0x00, 0x00, 0x10, 0x00, 0x00, 0x00, 0x00, 0x00, 0x00, 0x00, 0x00,
    0x66, 0x66, 0x16, 0x00, 0x16, 0x11, 0x01, 0x00, 0x16, 0x11, 0x00, 0x00, 0x16, 0x01, 0x00, 0x00,
    0x16, 0x00, 0x00, 0x00, 0x01, 0x00, 0x00, 0x00, 0x00, 0x00, 0x00, 0x00, 0x00, 0x00, 0x00, 0x00,
    0x00, 0x00, 0x00, 0x00, 0x00, 0x00, 0x00, 0x00, 0x00, 0x00, 0x00, 0x10, 0x00, 0x00, 0x00, 0x71,
    0x00, 0x00, 0x10, 0x78, 0x00, 0x00, 0x81, 0x78, 0x00, 0x10, 0x88, 0x78, 0x00, 0x71, 0x77, 0x77,
    0x00, 0x00, 0x00, 0x00, 0x00, 0x00, 0x00, 0x00, 0x01, 0x00, 0x00, 0x00, 0x17, 0x00, 0x00, 0x00,
    0x77, 0x01, 0x00, 0x00, 0x77, 0x17, 0x00, 0x00, 0x77, 0x77, 0x01, 0x00, 0x77, 0x77, 0x17, 0x00,
    0x00, 0x71, 0x77, 0x77, 0x00, 0x10, 0x77, 0x77, 0x00, 0x00, 0x71, 0x77, 0x00, 0x00, 0x10, 0x77,
    0x00, 0x00, 0x00, 0x71, 0x00, 0x00, 0x00, 0x10, 0x00, 0x00, 0x00, 0x00, 0x00, 0x00, 0x00, 0x00,
    0x77, 0x77, 0x17, 0x00, 0x27, 0x22, 0x01, 0x00, 0x27, 0x12, 0x00, 0x00, 0x27, 0x01, 0x00, 0x00,
    0x17, 0x00, 0x00, 0x00, 0x01, 0x00, 0x00, 0x00, 0x00, 0x00, 0x00, 0x00, 0x00, 0x00, 0x00, 0x00,
    0x00, 0x00, 0x00, 0x00, 0x00, 0x00, 0x00, 0x00, 0x00, 0x00, 0x00, 0x00, 0x00, 0x00, 0x00, 0x00,
    0x00, 0x00, 0x00, 0x00, 0x00, 0x00, 0x00, 0x00, 0x00, 0x00, 0x00, 0x00, 0x00, 0x00, 0x00, 0x80,
    0x00, 0x00, 0x00, 0x00, 0x00, 0x00, 0x00, 0x00, 0x00, 0x00, 0x00, 0x00, 0x00, 0x00, 0x00, 0x00,
    0x00, 0x00, 0x00, 0x00, 0x00, 0x00, 0x00, 0x00, 0x08, 0x00, 0x00, 0x00, 0x88, 0x00, 0x00, 0x00,
    0x00, 0x00, 0x00, 0x88, 0x00, 0x00, 0x00, 0x80, 0x00, 0x00, 0x00, 0x00, 0x00, 0x00, 0x00, 0x00,
    0x00, 0x00, 0x00, 0x00, 0x00, 0x00, 0x00, 0x00, 0x00, 0x00, 0x00, 0x00, 0x00, 0x00, 0x00, 0x00,
    0x88, 0x08, 0x00, 0x00, 0x88, 0x00, 0x00, 0x00, 0x08, 0x00, 0x00, 0x00, 0x00, 0x00, 0x00, 0x00,
    0x00, 0x00, 0x00, 0x00, 0x00, 0x00, 0x00, 0x00, 0x00, 0x00, 0x00, 0x00, 0x00, 0x00, 0x00, 0x00,
    0x00, 0x00, 0x00, 0x00, 0x00, 0x00, 0x00, 0x00, 0x00, 0x00, 0x00, 0x00, 0x00, 0x00, 0x00, 0x00,
    0x00, 0x00, 0x00, 0x00, 0x00, 0x00, 0x00, 0x00, 0x00, 0x00, 0x00, 0x09, 0x00, 0x00, 0x00, 0x80,
    0x00, 0x00, 0x00, 0x00, 0x00, 0x00, 0x00, 0x00, 0x00, 0x00, 0x00, 0x00, 0x00, 0x00, 0x00, 0x00,
    0x08, 0x00, 0x00, 0x00, 0x08, 0x00, 0x00, 0x00, 0x08, 0x09, 0x00, 0x00, 0x88, 0x00, 0x00, 0x00,
    0x00, 0x00, 0x88, 0x88, 0x00, 0x00, 0x00, 0x80, 0x00, 0x00, 0x00, 0x09, 0x00, 0x00, 0x00, 0x00,
    0x00, 0x00, 0x00, 0x00, 0x00, 0x00, 0x00, 0x00, 0x00, 0x00, 0x00, 0x00, 0x00, 0x00, 0x00, 0x00,
    0x88, 0x88, 0x08, 0x00, 0x88, 0x00, 0x00, 0x00, 0x08, 0x09, 0x00, 0x00, 0x08, 0x00, 0x00, 0x00,
    0x08, 0x00, 0x00, 0x00, 0x00, 0x00, 0x00, 0x00, 0x00, 0x00, 0x00, 0x00, 0x00, 0x00, 0x00, 0x00,
    0x00, 0x00, 0x00, 0x00, 0x00, 0x00, 0x00, 0x00, 0x00, 0x00, 0x00, 0x00, 0x00, 0x00, 0x00, 0x00,
    0x00, 0x00, 0x00, 0x00, 0x00, 0x00, 0x90, 0x00, 0x00, 0x00, 0x00, 0x09, 0x00, 0x00, 0x00, 0x80,
    0x00, 0x00, 0x00, 0x00, 0x00, 0x00, 0x00, 0x00, 0x08, 0x00, 0x00, 0x00, 0x08, 0x00, 0x00, 0x00,
    0x08, 0x00, 0x00, 0x00, 0x08, 0x90, 0x00, 0x00, 0x08, 0x09, 0x00, 0x00, 0x88, 0x00, 0x00, 0x00,
    0x00, 0x88, 0x88, 0x88, 0x00, 0x00, 0x00, 0x80, 0x00, 0x00, 0x00, 0x09, 0x00, 0x00, 0x90, 0x00,
    0x00, 0x00, 0x00, 0x00, 0x00, 0x00, 0x00, 0x00, 0x00, 0x00, 0x00, 0x00, 0x00, 0x00, 0x00, 0x00,
    0x88, 0x88, 0x88, 0x08, 0x88, 0x00, 0x00, 0x00, 0x08, 0x09, 0x00, 0x00, 0x08, 0x90, 0x00, 0x00,
    0x08, 0x00, 0x00, 0x00, 0x08, 0x00, 0x00, 0x00, 0x08, 0x00, 0x00, 0x00, 0x00, 0x00, 0x00, 0x00,
    0x00, 0x00, 0x00, 0x00, 0x00, 0x00, 0x00, 0x00, 0x00, 0x00, 0x00, 0x00, 0x00, 0x00, 0x00, 0x00,
    0x00, 0x00, 0x00, 0x00, 0x00, 0x00, 0x00, 0x7A, 0x00, 0x00, 0xA0, 0x7A, 0x00, 0x00, 0xA0, 0x7A,
    0x00, 0x00, 0x00, 0x00, 0x00, 0x00, 0x00, 0x00, 0x00, 0x00, 0x00, 0x00, 0x00, 0x00, 0x00, 0x00,
    0x0A, 0x00, 0x00, 0x00, 0xAA, 0x0A, 0x00, 0x00, 0xAB, 0xAA, 0x00, 0x00, 0xBB, 0xAA, 0x00, 0x00,
    0x00, 0x00, 0xAA, 0x7B, 0x00, 0x00, 0xA0, 0x7A, 0x00, 0x00, 0xA0, 0x7A, 0x00, 0x00, 0x00, 0x7A,
    0x00, 0x00, 0x00, 0x00, 0x00, 0x00, 0x00, 0x00, 0x00, 0x00, 0x00, 0x00, 0x00, 0x00, 0x00, 0x00,
    0xBB, 0xAB, 0x0A, 0x00, 0xBB, 0xAA, 0x00, 0x00, 0xAB, 0xAA, 0x00, 0x00, 0xAA, 0x0A, 0x00, 0x00,
    0x0A, 0x00, 0x00, 0x00, 0x00, 0x00, 0x00, 0x00, 0x00, 0x00, 0x00, 0x00, 0x00, 0x00, 0x00, 0x00,
    0x00, 0x00, 0x00, 0x00, 0x00, 0x00, 0x00, 0x00, 0x00, 0x00, 0x00, 0x00, 0x00, 0x00, 0xA0, 0x7A,
    0x00, 0x00, 0xAA, 0x7A, 0x00, 0xA0, 0xAA, 0x7B, 0x00, 0xA0, 0xBA, 0x7B, 0x00, 0xA0, 0xBA, 0x7B,
    0x00, 0x00, 0x00, 0x00, 0x00, 0x00, 0x00, 0x00, 0x0A, 0x00, 0x00, 0x00, 0xAA, 0xAA, 0x00, 0x00,
    0xAB, 0xAA, 0x0A, 0x00, 0xBB, 0xAB, 0xAA, 0x00, 0xBB, 0xBB, 0xAA, 0x00, 0xBB, 0xBB, 0xAA, 0x00,
    0x00, 0xAA, 0xBB, 0x7B, 0x00, 0xA0, 0xBA, 0x7B, 0x00, 0xA0, 0xBA, 0x7B, 0x00, 0xA0, 0xAA, 0x7B,
    0x00, 0x00, 0xAA, 0x7A, 0x00, 0x00, 0xA0, 0x7A, 0x00, 0x00, 0x00, 0x00, 0x00, 0x00, 0x00, 0x00,
    0xBB, 0xBB, 0xAB, 0x07, 0xBB, 0xBB, 0xAA, 0x00, 0xBB, 0xBB, 0xAA, 0x00, 0xBB, 0xAB, 0xAA, 0x00,
    0xAB, 0xAA, 0x0A, 0x00, 0xAA, 0xAA, 0x00, 0x00, 0x0A, 0x00, 0x00, 0x00, 0x00, 0x00, 0x00, 0x00,
    0x00, 0x00, 0x00, 0x00, 0x00, 0x00, 0x00, 0x00, 0x00, 0x00, 0xA0, 0x7A, 0x00, 0x00, 0xAA, 0x7A,
    0x00, 0xA0, 0xBA, 0x7B, 0x00, 0xAA, 0xBB, 0x7B, 0x00, 0xAA, 0xBB, 0x7B, 0x00, 0xAA, 0xBB, 0x7B,
    0x00, 0x00, 0x00, 0x00, 0x0A, 0x00, 0x00, 0x00, 0xAA, 0xAA, 0x00, 0x00, 0xAB, 0xAA, 0x0A, 0x00,
    0xBB, 0xBB, 0xAA, 0x00, 0xBB, 0xBB, 0xAB, 0x07, 0xBB, 0xBB, 0xAB, 0x07, 0xBB, 0xBB, 0xAB, 0x07,
    0xA0, 0xBA, 0xBB, 0x7B, 0x00, 0xAA, 0xBB, 0x7B, 0x00, 0xAA, 0xBB, 0x7B, 0x00, 0xAA, 0xBB, 0x7B,
    0x00, 0xA0, 0xBA, 0x7B, 0x00, 0x00, 0xAA, 0x7A, 0x00, 0x00, 0xA0, 0x7A, 0x00, 0x00, 0x00, 0x00,
    0xBB, 0xBB, 0xBB, 0xA7, 0xBB, 0xBB, 0xAB, 0x07, 0xBB, 0xBB, 0xAB, 0x07, 0xBB, 0xBB, 0xAB, 0x07,
    0xBB, 0xBB, 0xAA, 0x00, 0xAB, 0xAA, 0x0A, 0x00, 0xAA, 0xAA, 0x00, 0x00, 0x0A, 0x00, 0x00, 0x00,
    0x00, 0x00, 0x00, 0x00, 0x00, 0x00, 0x00, 0x00, 0x00, 0x00, 0x00, 0x00, 0x00, 0x00, 0x00, 0x00,
    0x00, 0x00, 0x00, 0x00, 0x00, 0x00, 0x00, 0x00, 0x00, 0x00, 0x00, 0x00, 0x00, 0x00, 0x00, 0x00,
    0x00, 0x00, 0x00, 0x00, 0x00, 0x00, 0x00, 0x00, 0x00, 0x00, 0x00, 0x00, 0x00, 0x00, 0x00, 0x00,
    0x00, 0x00, 0x00, 0x00, 0x00, 0x00, 0x00, 0x00, 0x00, 0x00, 0x00, 0x00, 0x00, 0x00, 0x00, 0x00,
    0x00, 0x00, 0x00, 0x00, 0x00, 0x00, 0x00, 0x00, 0x00, 0x00, 0xC0, 0xCC, 0x00, 0xC0, 0xCC, 0xCC,
    0x00, 0xC0, 0xDC, 0xDD, 0x00, 0xC0, 0xCC, 0xCC, 0x00, 0x00, 0xC0, 0xCC, 0x00, 0x00, 0x00, 0x00,
    0x00, 0x00, 0x00, 0x00, 0x00, 0x00, 0x00, 0x00, 0xCC, 0x0C, 0x00, 0x00, 0xCC, 0xCC, 0x0C, 0x00,
    0xDD, 0xCD, 0x0C, 0x00, 0xCC, 0xCC, 0x0C, 0x00, 0xCC, 0x0C, 0x00, 0x00, 0x00, 0x00, 0x00, 0x00,
    0x00, 0x00, 0x00, 0x00, 0x00, 0x00, 0x00, 0x00, 0x00, 0x00, 0x00, 0x00, 0x00, 0x00, 0x00, 0x00,
    0x00, 0x00, 0x00, 0x00, 0x00, 0x00, 0x00, 0x00, 0x00, 0x00, 0x00, 0x00, 0x00, 0x00, 0x00, 0x00,
    0x00, 0x00, 0x00, 0x00, 0x00, 0x00, 0x00, 0x00, 0x00, 0x00, 0x00, 0x00, 0x00, 0x00, 0x00, 0x00,
    0x00, 0x00, 0x00, 0x00, 0x00, 0x00, 0x00, 0x00, 0x00, 0x00, 0x00, 0x00, 0x00, 0x00, 0x00, 0x00,
    0x00, 0x00, 0x00, 0x00, 0x00, 0x00, 0x00, 0x00, 0x00, 0x00, 0x22, 0x11, 0x00, 0x20, 0x11, 0x11,
    0x00, 0x20, 0x11, 0x11, 0x00, 0x00, 0x22, 0x11, 0x00, 0x00, 0x00, 0x00, 0x00, 0x00, 0x00, 0x00,
    0x00, 0x00, 0x00, 0x00, 0x00, 0x00, 0x00, 0x00, 0x11, 0x22, 0x00, 0x00, 0x11, 0x11, 0x02, 0x00,
    0x11, 0x11, 0x02, 0x00, 0x11, 0x22, 0x00, 0x00, 0x00, 0x00, 0x00, 0x00, 0x00, 0x00, 0x00, 0x00,
    0x00, 0x00, 0x00, 0x00, 0x00, 0x00, 0x00, 0x00, 0x00, 0x00, 0x00, 0x00, 0x00, 0x00, 0x00, 0x00,
    0x00, 0x00, 0x00, 0x00, 0x00, 0x00, 0x00, 0x00, 0x00, 0x00, 0x00, 0x00, 0x00, 0x00, 0x00, 0x00,
    0x00, 0x00, 0x00, 0x00, 0x00, 0x00, 0x00, 0x00, 0x00, 0x00, 0x00, 0x00, 0x00, 0x00, 0x00, 0x00,
    0x00, 0x00, 0x00, 0x00, 0x00, 0x00, 0x00, 0x00, 0x00, 0x00, 0x00, 0x00, 0x00, 0x00, 0x00, 0x00,
    0x00, 0x00, 0x00, 0x00, 0x00, 0x00, 0x00, 0x00, 0x00, 0x00, 0xAB, 0xAB, 0x00, 0xBA, 0x0A, 0x00,
    0x00, 0xAB, 0x00, 0x00, 0x00, 0xBA, 0x0A, 0x00, 0x00, 0x00, 0xAB, 0xAB, 0x00, 0x00, 0x00, 0x00,
    0x00, 0x00, 0x00, 0x00, 0x00, 0x00, 0x00, 0x00, 0xAB, 0xAB, 0x00, 0x00, 0x00, 0xB0, 0xBA, 0x00,
    0x00, 0x00, 0xAB, 0x00, 0x00, 0xB0, 0xBA, 0x00, 0xAB, 0xAB, 0x00, 0x00, 0x00, 0x00, 0x00, 0x00,
};
const u8 g_tiles_ui[448] __attribute__((aligned(4))) = {
    0x22, 0x82, 0x28, 0x22, 0x22, 0x48, 0x84, 0x22, 0x82, 0x44, 0x44, 0x28, 0x48, 0x44, 0x44, 0x84,
    0x88, 0x44, 0x44, 0x88, 0x82, 0x48, 0x84, 0x28, 0x22, 0x88, 0x88, 0x22, 0x22, 0x82, 0x28, 0x22,
    0x62, 0x26, 0x62, 0x26, 0x76, 0x67, 0x76, 0x67, 0x76, 0x77, 0x77, 0x67, 0x76, 0x77, 0x77, 0x67,
    0x62, 0x77, 0x77, 0x26, 0x22, 0x76, 0x67, 0x22, 0x22, 0x62, 0x26, 0x22, 0x22, 0x22, 0x22, 0x22,
    0x12, 0x21, 0x12, 0x21, 0x21, 0x12, 0x21, 0x12, 0x21, 0x22, 0x22, 0x12, 0x21, 0x22, 0x22, 0x12,
    0x12, 0x22, 0x22, 0x21, 0x22, 0x21, 0x12, 0x22, 0x22, 0x12, 0x21, 0x22, 0x22, 0x22, 0x22, 0x22,
    0x22, 0x52, 0x25, 0x22, 0x22, 0xD5, 0x5D, 0x22, 0x22, 0x52, 0x25, 0x22, 0x22, 0x52, 0x22, 0x22,
    0x22, 0x52, 0x25, 0x22, 0x22, 0x52, 0x22, 0x22, 0x22, 0x52, 0x25, 0x22, 0x22, 0x22, 0x22, 0x22,
    0x22, 0x52, 0x25, 0x22, 0x22, 0x52, 0x25, 0x22, 0x55, 0x55, 0x55, 0x55, 0x52, 0x55, 0x55, 0x25,
    0x22, 0x55, 0x55, 0x22, 0x52, 0x25, 0x52, 0x25, 0x55, 0x22, 0x22, 0x55, 0x22, 0x22, 0x22, 0x22,
    0x33, 0x33, 0x33, 0x33, 0x13, 0x11, 0x11, 0x11, 0x13, 0x22, 0x22, 0x22, 0x13, 0x22, 0x22, 0x22,
    0x13, 0x22, 0x22, 0x22, 0x13, 0x22, 0x22, 0x22, 0x13, 0x22, 0x22, 0x22, 0x13, 0x22, 0x22, 0x22,
    0x33, 0x33, 0x33, 0x33, 0x11, 0x11, 0x11, 0x11, 0x22, 0x22, 0x22, 0x22, 0x22, 0x22, 0x22, 0x22,
    0x22, 0x22, 0x22, 0x22, 0x22, 0x22, 0x22, 0x22, 0x22, 0x22, 0x22, 0x22, 0x22, 0x22, 0x22, 0x22,
    0x11, 0x11, 0x11, 0x11, 0x33, 0x33, 0x33, 0x13, 0x22, 0x22, 0x22, 0x13, 0x22, 0x22, 0x22, 0x13,
    0x22, 0x22, 0x22, 0x13, 0x22, 0x22, 0x22, 0x13, 0x22, 0x22, 0x22, 0x13, 0x22, 0x22, 0x22, 0x13,
    0x13, 0x22, 0x22, 0x22, 0x13, 0x22, 0x22, 0x22, 0x13, 0x22, 0x22, 0x22, 0x13, 0x22, 0x22, 0x22,
    0x13, 0x22, 0x22, 0x22, 0x13, 0x22, 0x22, 0x22, 0x13, 0x22, 0x22, 0x22, 0x13, 0x22, 0x22, 0x22,
    0x22, 0x22, 0x22, 0x13, 0x22, 0x22, 0x22, 0x13, 0x22, 0x22, 0x22, 0x13, 0x22, 0x22, 0x22, 0x13,
    0x22, 0x22, 0x22, 0x13, 0x22, 0x22, 0x22, 0x13, 0x22, 0x22, 0x22, 0x13, 0x22, 0x22, 0x22, 0x13,
    0x31, 0x22, 0x22, 0x22, 0x31, 0x22, 0x22, 0x22, 0x31, 0x22, 0x22, 0x22, 0x31, 0x22, 0x22, 0x22,
    0x31, 0x22, 0x22, 0x22, 0x31, 0x22, 0x22, 0x22, 0x31, 0x33, 0x33, 0x33, 0x11, 0x11, 0x11, 0x11,
    0x22, 0x22, 0x22, 0x22, 0x22, 0x22, 0x22, 0x22, 0x22, 0x22, 0x22, 0x22, 0x22, 0x22, 0x22, 0x22,
    0x22, 0x22, 0x22, 0x22, 0x22, 0x22, 0x22, 0x22, 0x33, 0x33, 0x33, 0x33, 0x11, 0x11, 0x11, 0x11,
    0x22, 0x22, 0x22, 0x13, 0x22, 0x22, 0x22, 0x13, 0x22, 0x22, 0x22, 0x13, 0x22, 0x22, 0x22, 0x13,
    0x22, 0x22, 0x22, 0x13, 0x22, 0x22, 0x22, 0x13, 0x33, 0x33, 0x33, 0x13, 0x11, 0x11, 0x11, 0x11,
    0x22, 0x22, 0x22, 0x22, 0x22, 0x22, 0x22, 0x22, 0x22, 0x22, 0x22, 0x22, 0x22, 0x22, 0x22, 0x22,
    0x22, 0x22, 0x22, 0x22, 0x22, 0x22, 0x22, 0x22, 0x22, 0x22, 0x22, 0x22, 0x22, 0x22, 0x22, 0x22,
};
const u8 g_tiles_title_logo[2560] __attribute__((aligned(4))) = {
    0x33, 0x33, 0x33, 0x33, 0xB3, 0xBB, 0xBB, 0xBB, 0xB3, 0x22, 0x22, 0x22, 0xB3, 0x52, 0x25, 0x22,
    0xB3, 0x52, 0x25, 0x22, 0xB3, 0x22, 0x22, 0x22, 0xB3, 0x22, 0x22, 0x22, 0xB3, 0x22, 0x22, 0x22,
    0x33, 0x33, 0x33, 0x33, 0xBB, 0xBB, 0xBB, 0xBB, 0x22, 0x22, 0x22, 0x22, 0x22, 0x22, 0x22, 0x22,
    0x22, 0x22, 0x22, 0x22, 0x22, 0x22, 0x22, 0x22, 0x22, 0x22, 0x22, 0x22, 0x22, 0x22, 0x22, 0x22,
    0x33, 0x33, 0x33, 0x33, 0xBB, 0xBB, 0xBB, 0xBB, 0x22, 0x22, 0x22, 0x22, 0x22, 0x22, 0x22, 0x22,
    0x22, 0x22, 0x22, 0x22, 0x22, 0x22, 0x22, 0x22, 0x22, 0x22, 0x22, 0x22, 0x22, 0x22, 0x22, 0x22,
    0x33, 0x33, 0x33, 0x33, 0xBB, 0xBB, 0xBB, 0xBB, 0x22, 0x22, 0x22, 0x22, 0x22, 0x22, 0x22, 0x22,
    0x22, 0x22, 0x22, 0x22, 0x22, 0x22, 0x22, 0x22, 0x22, 0x22, 0x22, 0x22, 0x22, 0x22, 0x22, 0x22,
    0x33, 0x33, 0x33, 0x33, 0xBB, 0xBB, 0xBB, 0xBB, 0x22, 0x22, 0x22, 0x22, 0x22, 0x22, 0x22, 0x22,
    0x22, 0x22, 0x22, 0x22, 0x22, 0x22, 0x22, 0x22, 0x22, 0x22, 0x22, 0x22, 0x22, 0x22, 0x22, 0x22,
    0x33, 0x33, 0x33, 0x33, 0xBB, 0xBB, 0xBB, 0xBB, 0x22, 0x22, 0x22, 0x22, 0x22, 0x22, 0x22, 0x22,
    0x22, 0x22, 0x22, 0x12, 0x22, 0x22, 0x22, 0x12, 0x22, 0x22, 0x22, 0x12, 0x22, 0x22, 0x22, 0x12,
    0x33, 0x33, 0x33, 0x33, 0xBB, 0xBB, 0xBB, 0xBB, 0x22, 0x22, 0x22, 0x22, 0x11, 0x11, 0x21, 0x22,
    0xDD, 0xDD, 0x1D, 0x12, 0xDD, 0x11, 0xDD, 0x21, 0xDD, 0x11, 0x55, 0x21, 0xDD, 0x11, 0x55, 0x91,
    0x33, 0x33, 0x33, 0x33, 0xBB, 0xBB, 0xBB, 0xBB, 0x22, 0x22, 0x22, 0x22, 0x11, 0x11, 0x21, 0x22,
    0xDD, 0xDD, 0x1D, 0x22, 0x11, 0x1D, 0x91, 0x12, 0x12, 0x15, 0x99, 0xD1, 0x12, 0x15, 0x29, 0xD1,
    0x33, 0x33, 0x33, 0x33, 0xBB, 0xBB, 0xBB, 0xBB, 0x22, 0x22, 0x22, 0x22, 0x12, 0x21, 0x22, 0x12,
    0xD1, 0x1D, 0x22, 0xD1, 0xDD, 0xDD, 0x21, 0xD1, 0x1D, 0x51, 0x15, 0xD1, 0x1D, 0x51, 0x15, 0xD1,
    0x33, 0x33, 0x33, 0x33, 0xBB, 0xBB, 0xBB, 0xBB, 0x22, 0x22, 0x22, 0x22, 0x21, 0x22, 0x11, 0x22,
    0x1D, 0x12, 0xDD, 0x21, 0xDD, 0xD1, 0xDD, 0x11, 0x5D, 0x55, 0x55, 0x11, 0x1D, 0x15, 0x55, 0x11,
    0x33, 0x33, 0x33, 0x33, 0xBB, 0xBB, 0xBB, 0xBB, 0x22, 0x22, 0x22, 0x22, 0x12, 0x11, 0x21, 0x22,
    0xD1, 0xDD, 0x1D, 0x12, 0xDD, 0x11, 0xDD, 0x11, 0xDD, 0x11, 0x55, 0x11, 0xDD, 0x11, 0x55, 0x11,
    0x33, 0x33, 0x33, 0x33, 0xBB, 0xBB, 0xBB, 0xBB, 0x22, 0x22, 0x22, 0x22, 0x11, 0x22, 0x12, 0x21,
    0xDD, 0x21, 0xD1, 0x1D, 0xDD, 0x1D, 0xD1, 0x1D, 0xDD, 0x55, 0x51, 0x15, 0xDD, 0x51, 0x55, 0x15,
    0x33, 0x33, 0x33, 0x33, 0xBB, 0xBB, 0xBB, 0xBB, 0x22, 0x22, 0x22, 0x22, 0x12, 0x11, 0x11, 0x22,
    0xD1, 0xDD, 0xDD, 0x21, 0xD1, 0x1D, 0xD1, 0x1D, 0xD1, 0x1D, 0x51, 0x15, 0xD1, 0x1D, 0x51, 0x15,
    0x33, 0x33, 0x33, 0x33, 0xBB, 0xBB, 0xBB, 0xBB, 0x22, 0x22, 0x22, 0x22, 0x22, 0x22, 0x22, 0x22,
    0x22, 0x22, 0x22, 0x22, 0x22, 0x22, 0x22, 0x22, 0x22, 0x22, 0x22, 0x22, 0x29, 0x22, 0x22, 0x22,
    0x33, 0x33, 0x33, 0x33, 0xBB, 0xBB, 0xBB, 0xBB, 0x22, 0x22, 0x22, 0x22, 0x22, 0x22, 0x22, 0x22,
    0x22, 0x22, 0x22, 0x22, 0x22, 0x22, 0x22, 0x22, 0x22, 0x22, 0x22, 0x22, 0x22, 0x22, 0x22, 0x22,
    0x33, 0x33, 0x33, 0x33, 0xBB, 0xBB, 0xBB, 0xBB, 0x22, 0x22, 0x22, 0x22, 0x22, 0x22, 0x22, 0x22,
    0x22, 0x22, 0x22, 0x22, 0x22, 0x22, 0x22, 0x22, 0x22, 0x22, 0x22, 0x22, 0x22, 0x22, 0x22, 0x22,
    0x33, 0x33, 0x33, 0x33, 0xBB, 0xBB, 0xBB, 0xBB, 0x22, 0x22, 0x22, 0x22, 0x22, 0x22, 0x22, 0x22,
    0x22, 0x22, 0x22, 0x22, 0x22, 0x22, 0x22, 0x22, 0x22, 0x22, 0x22, 0x22, 0x22, 0x22, 0x22, 0x22,
    0x33, 0x33, 0x33, 0x33, 0xBB, 0xBB, 0xBB, 0xBB, 0x22, 0x22, 0x22, 0x22, 0x22, 0x22, 0x22, 0x22,
    0x22, 0x22, 0x22, 0x22, 0x22, 0x22, 0x22, 0x22, 0x22, 0x22, 0x22, 0x22, 0x22, 0x22, 0x22, 0x22,
    0x33, 0x33, 0x33, 0x33, 0xBB, 0xBB, 0xBB, 0xBB, 0x22, 0x22, 0x22, 0x22, 0x22, 0x22, 0x22, 0x22,
    0x22, 0x22, 0x22, 0x22, 0x22, 0x22, 0x22, 0x22, 0x22, 0x22, 0x22, 0x22, 0x22, 0x22, 0x22, 0x22,
    0x33, 0x33, 0x33, 0x33, 0xBB, 0xBB, 0xBB, 0x1B, 0x22, 0x22, 0x22, 0x11, 0x22, 0x52, 0x25, 0x11,
    0x22, 0x52, 0x25, 0x11, 0x22, 0x22, 0x22, 0x11, 0x22, 0x22, 0x22, 0x11, 0x22, 0x22, 0x22, 0x11,
    0xB3, 0x22, 0x22, 0x22, 0xB3, 0x22, 0x22, 0x22, 0xB3, 0x22, 0x22, 0x22, 0xB3, 0x22, 0x22, 0x22,
    0xB3, 0x22, 0x22, 0x22, 0xB3, 0x22, 0x22, 0x22, 0xB3, 0x22, 0x22, 0x22, 0xB3, 0x22, 0x22, 0x22,
    0x22, 0x22, 0x22, 0x22, 0x22, 0x22, 0x22, 0x22, 0x22, 0x22, 0x22, 0x22, 0x22, 0x22, 0x22, 0x22,
    0x22, 0x22, 0x22, 0x22, 0x22, 0x22, 0x22, 0x22, 0x22, 0x22, 0x22, 0x22, 0x22, 0x22, 0x22, 0x22,
    0x22, 0x22, 0x22, 0x22, 0x22, 0x22, 0x22, 0x22, 0x22, 0x22, 0x22, 0x22, 0x22, 0x22, 0x22, 0x22,
    0x22, 0x22, 0x22, 0x12, 0x22, 0x22, 0x22, 0x71, 0x22, 0x22, 0x12, 0x66, 0x22, 0x22, 0x12, 0x66,
    0x22, 0x22, 0x22, 0x22, 0x22, 0x11, 0x22, 0x22, 0x12, 0x66, 0x21, 0x22, 0x71, 0x66, 0x16, 0x22,
    0x77, 0x66, 0x66, 0x21, 0x77, 0x66, 0x66, 0x16, 0x66, 0x44, 0x66, 0x66, 0x66, 0x44, 0x66, 0x66,
    0x22, 0x22, 0x22, 0x22, 0x22, 0x22, 0x22, 0x22, 0x22, 0x22, 0x22, 0x22, 0x22, 0x22, 0x22, 0x22,
    0x22, 0x22, 0x22, 0x22, 0x22, 0x22, 0x22, 0x22, 0x21, 0x22, 0x22, 0x22, 0x21, 0x22, 0x22, 0x22,
    0x22, 0x22, 0x22, 0x12, 0x22, 0x22, 0x22, 0x12, 0x22, 0x22, 0x22, 0x12, 0x22, 0x22, 0x22, 0x12,
    0x22, 0x22, 0x22, 0x22, 0x22, 0x22, 0x22, 0x22, 0x22, 0x22, 0x22, 0x22, 0x22, 0x22, 0x22, 0x22,
    0xDD, 0x11, 0x55, 0x91, 0xDD, 0x11, 0x55, 0x91, 0xDD, 0x11, 0x55, 0x91, 0xDD, 0x55, 0x15, 0x19,
    0x11, 0x11, 0x91, 0x99, 0x22, 0x99, 0x99, 0x29, 0x22, 0x22, 0x22, 0x22, 0x22, 0x22, 0x22, 0x22,
    0x12, 0x15, 0x29, 0xD1, 0x12, 0x15, 0x29, 0xD1, 0x11, 0x15, 0x21, 0xD1, 0xDD, 0x55, 0x15, 0xD1,
    0x11, 0x11, 0x91, 0x12, 0x22, 0x99, 0x99, 0x29, 0x22, 0x11, 0x11, 0x21, 0x12, 0x77, 0x77, 0x17,
    0x5D, 0x55, 0x15, 0xD1, 0x1D, 0x51, 0x15, 0xD1, 0x1D, 0x51, 0x15, 0xD1, 0x1D, 0x51, 0x15, 0xD1,
    0x91, 0x19, 0x91, 0x19, 0x92, 0x29, 0x92, 0x29, 0x22, 0x12, 0x21, 0x22, 0x22, 0x71, 0x17, 0x12,
    0x1D, 0x11, 0x55, 0x11, 0x1D, 0x19, 0x55, 0x11, 0x1D, 0x19, 0x55, 0x11, 0x1D, 0x19, 0x55, 0x91,
    0x91, 0x29, 0x11, 0x99, 0x92, 0x29, 0x22, 0x99, 0x11, 0x22, 0x12, 0x11, 0x77, 0x21, 0x71, 0x77,
    0xDD, 0x11, 0x55, 0x11, 0xDD, 0x11, 0x55, 0x11, 0xDD, 0x11, 0x55, 0x11, 0xD1, 0x55, 0x15, 0x19,
    0x12, 0x11, 0x91, 0x99, 0x22, 0x92, 0x99, 0x29, 0x11, 0x22, 0x12, 0x21, 0x77, 0x21, 0x71, 0x17,
    0xDD, 0x11, 0x55, 0x15, 0xDD, 0x91, 0x51, 0x15, 0xDD, 0x91, 0x51, 0x15, 0xDD, 0x91, 0x51, 0x15,
    0x11, 0x99, 0x12, 0x91, 0x22, 0x99, 0x22, 0x92, 0x22, 0x11, 0x22, 0x22, 0x12, 0x77, 0x21, 0x22,
    0xD1, 0x1D, 0x51, 0x15, 0xD1, 0x1D, 0x51, 0x15, 0xD1, 0x1D, 0x51, 0x15, 0xD1, 0x5D, 0x55, 0x91,
    0x19, 0x11, 0x11, 0x99, 0x29, 0x92, 0x99, 0x99, 0x22, 0x22, 0x22, 0x22, 0x22, 0x22, 0x22, 0x22,
    0x29, 0x22, 0x22, 0x22, 0x29, 0x22, 0x22, 0x22, 0x29, 0x22, 0x22, 0x22, 0x29, 0x22, 0x22, 0x22,
    0x29, 0x22, 0x22, 0x22, 0x22, 0x22, 0x22, 0x22, 0x22, 0x22, 0x22, 0x22, 0x22, 0x22, 0x22, 0x22,
    0x22, 0x22, 0x22, 0x22, 0x22, 0x22, 0x22, 0x22, 0x22, 0x22, 0x22, 0x22, 0x22, 0x22, 0x22, 0x22,
    0x22, 0x22, 0x22, 0x22, 0x22, 0x22, 0x22, 0x22, 0x22, 0x22, 0x22, 0x22, 0x22, 0x22, 0x22, 0x22,
    0x22, 0x22, 0x22, 0x22, 0x22, 0x22, 0x22, 0x22, 0x22, 0x22, 0x22, 0x22, 0x22, 0x22, 0x22, 0x22,
    0x22, 0x22, 0x22, 0x22, 0x22, 0x22, 0x22, 0x22, 0x22, 0x22, 0x22, 0x12, 0x22, 0x22, 0x22, 0x12,
    0x22, 0x22, 0x22, 0x22, 0x22, 0x22, 0x11, 0x22, 0x22, 0x12, 0x66, 0x21, 0x22, 0x71, 0x66, 0x16,
    0x12, 0x77, 0x66, 0x66, 0x71, 0x77, 0x66, 0x66, 0x66, 0x66, 0x44, 0x66, 0x66, 0x66, 0x44, 0x66,
    0x22, 0x22, 0x22, 0x22, 0x22, 0x22, 0x22, 0x22, 0x22, 0x22, 0x22, 0x22, 0x22, 0x22, 0x22, 0x22,
    0x21, 0x22, 0x22, 0x22, 0x16, 0x22, 0x22, 0x22, 0x66, 0x21, 0x22, 0x22, 0x66, 0x21, 0x22, 0x22,
    0x22, 0x22, 0x22, 0x22, 0x22, 0x22, 0x22, 0x22, 0x22, 0x22, 0x22, 0x22, 0x22, 0x22, 0x22, 0x22,
    0x22, 0x22, 0x22, 0x22, 0x22, 0x22, 0x22, 0x22, 0x22, 0x22, 0x22, 0x22, 0x22, 0x22, 0x22, 0x22,
    0x22, 0x22, 0x22, 0x11, 0x22, 0x22, 0x22, 0x11, 0x22, 0x22, 0x22, 0x11, 0x22, 0x22, 0x22, 0x11,
    0x22, 0x22, 0x22, 0x11, 0x22, 0x22, 0x22, 0x11, 0x22, 0x22, 0x22, 0x11, 0x22, 0x22, 0x22, 0x11,
    0xB3, 0x22, 0x22, 0x22, 0xB3, 0x22, 0x22, 0x22, 0xB3, 0x22, 0x22, 0x22, 0xB3, 0x22, 0x22, 0x22,
    0xB3, 0x22, 0x22, 0x22, 0xB3, 0x22, 0x22, 0x22, 0xB3, 0x22, 0x22, 0x22, 0xB3, 0x22, 0x22, 0x22,
    0x22, 0x22, 0x22, 0x22, 0x22, 0x22, 0x22, 0x22, 0x22, 0x22, 0x22, 0x22, 0x22, 0x22, 0x22, 0x22,
    0x22, 0x22, 0x22, 0x22, 0x22, 0x22, 0x22, 0x22, 0x22, 0x22, 0x22, 0x22, 0x22, 0x22, 0x22, 0x22,
    0x22, 0x22, 0x22, 0x61, 0x22, 0x22, 0x22, 0x12, 0x22, 0x22, 0x22, 0x22, 0x22, 0x22, 0x22, 0x22,
    0x22, 0x22, 0x22, 0x22, 0x22, 0x22, 0x22, 0x22, 0x22, 0x22, 0x22, 0x22, 0x22, 0x22, 0x22, 0x22,
    0x66, 0x66, 0xCC, 0x1C, 0x66, 0x66, 0xCC, 0x21, 0x61, 0x66, 0x1C, 0x22, 0x12, 0x66, 0x21, 0x22,
    0x22, 0x11, 0x22, 0x22, 0x22, 0x22, 0x22, 0x22, 0x22, 0x22, 0x22, 0x22, 0x22, 0x22, 0x22, 0x22,
    0x22, 0x22, 0x22, 0x22, 0x22, 0x22, 0x22, 0x22, 0x22, 0x22, 0x22, 0x22, 0x22, 0x22, 0x22, 0x22,
    0x22, 0x22, 0x22, 0x22, 0x22, 0x22, 0x22, 0x22, 0x22, 0x22, 0x22, 0x22, 0x22, 0x22, 0x22, 0x22,
    0x22, 0x22, 0x22, 0x22, 0x22, 0x22, 0x22, 0x22, 0x22, 0x22, 0x22, 0x22, 0x22, 0x22, 0x22, 0x22,
    0x22, 0x22, 0x22, 0x22, 0x22, 0x22, 0x22, 0x22, 0x22, 0x22, 0x22, 0x22, 0x22, 0x22, 0x22, 0x22,
    0x22, 0x22, 0x22, 0x22, 0x22, 0x22, 0x22, 0x22, 0x22, 0x22, 0x22, 0x22, 0x22, 0x22, 0x22, 0x22,
    0x22, 0x22, 0x22, 0x22, 0x22, 0x22, 0x22, 0x22, 0x22, 0x22, 0x22, 0x22, 0x22, 0x22, 0x22, 0x22,
    0x12, 0x77, 0x11, 0x77, 0x12, 0x77, 0x11, 0x66, 0x12, 0x77, 0x66, 0x16, 0x12, 0x77, 0x66, 0xC1,
    0x12, 0x77, 0x61, 0x16, 0x12, 0x77, 0x11, 0x66, 0x12, 0x77, 0x11, 0x66, 0x12, 0x77, 0xC1, 0x61,
    0x21, 0x71, 0x17, 0x12, 0x21, 0x71, 0x17, 0x1C, 0xCC, 0x71, 0x17, 0x1C, 0xCC, 0x71, 0x17, 0x1C,
    0x2C, 0x71, 0x17, 0x1C, 0x21, 0x71, 0x17, 0x11, 0x16, 0x12, 0x67, 0x66, 0x16, 0x22, 0x61, 0x66,
    0x77, 0x11, 0x77, 0x11, 0x66, 0x11, 0x77, 0x11, 0x66, 0xC1, 0x71, 0x66, 0x66, 0xC1, 0x12, 0x61,
    0x66, 0xC1, 0x11, 0x12, 0x66, 0x11, 0x77, 0x11, 0x16, 0xCC, 0x71, 0x66, 0xC1, 0xCC, 0x12, 0x66,
    0x71, 0x17, 0x71, 0x17, 0x11, 0xC1, 0x71, 0x17, 0x16, 0xC2, 0x71, 0x67, 0x66, 0x21, 0x71, 0x67,
    0x61, 0x16, 0x71, 0x17, 0x61, 0x16, 0x71, 0x17, 0x66, 0xC1, 0x71, 0x17, 0x16, 0xCC, 0x71, 0x17,
    0x12, 0x77, 0x21, 0x22, 0x11, 0x66, 0xC1, 0x22, 0x66, 0x66, 0xC1, 0x22, 0x66, 0x66, 0xC1, 0x22,
    0x11, 0x66, 0xC1, 0x22, 0x1C, 0x66, 0xC1, 0x22, 0x1C, 0x66, 0xC1, 0x22, 0x1C, 0x66, 0xC1, 0x22,
    0x22, 0x22, 0x22, 0x22, 0x22, 0x22, 0x22, 0x22, 0x22, 0x22, 0x22, 0x22, 0x22, 0x22, 0x22, 0x22,
    0x22, 0x22, 0x22, 0x22, 0x22, 0x22, 0x22, 0x22, 0x22, 0x22, 0x22, 0x22, 0x22, 0x22, 0x22, 0x22,
    0x22, 0x22, 0x22, 0x22, 0x22, 0x22, 0x22, 0x22, 0x22, 0x22, 0x22, 0x22, 0x22, 0x22, 0x22, 0x22,
    0x22, 0x22, 0x22, 0x22, 0x22, 0x22, 0x22, 0x22, 0x22, 0x22, 0x22, 0x22, 0x22, 0x22, 0x22, 0x22,
    0x22, 0x22, 0x22, 0x22, 0x22, 0x22, 0x22, 0x22, 0x22, 0x22, 0x22, 0x22, 0x22, 0x22, 0x22, 0x22,
    0x22, 0x22, 0x22, 0x22, 0x22, 0x22, 0x22, 0x22, 0x22, 0x22, 0x22, 0x22, 0x22, 0x22, 0x22, 0x22,
    0x22, 0x22, 0x22, 0x22, 0x22, 0x22, 0x22, 0x22, 0x22, 0x22, 0x22, 0x22, 0x22, 0x22, 0x22, 0x22,
    0x22, 0x22, 0x22, 0x22, 0x22, 0x22, 0x22, 0x22, 0x22, 0x22, 0x22, 0x22, 0x22, 0x22, 0x22, 0x22,
    0x61, 0x66, 0x66, 0xCC, 0x12, 0x66, 0x66, 0xCC, 0x22, 0x61, 0x66, 0x1C, 0x22, 0x12, 0x66, 0x21,
    0x22, 0x22, 0x11, 0x22, 0x22, 0x22, 0x22, 0x22, 0x22, 0x22, 0x22, 0x22, 0x22, 0x22, 0x22, 0x22,
    0x1C, 0x22, 0x22, 0x22, 0x21, 0x22, 0x22, 0x22, 0x22, 0x22, 0x22, 0x22, 0x22, 0x22, 0x22, 0x22,
    0x22, 0x22, 0x22, 0x22, 0x22, 0x22, 0x22, 0x22, 0x22, 0x22, 0x22, 0x22, 0x22, 0x22, 0x22, 0x22,
    0x22, 0x22, 0x22, 0x22, 0x22, 0x22, 0x22, 0x22, 0x22, 0x22, 0x22, 0x22, 0x22, 0x22, 0x22, 0x22,
    0x22, 0x22, 0x22, 0x22, 0x22, 0x22, 0x22, 0x22, 0x22, 0x22, 0x22, 0x22, 0x22, 0x22, 0x22, 0x22,
    0x22, 0x22, 0x22, 0x11, 0x22, 0x22, 0x22, 0x11, 0x22, 0x22, 0x22, 0x11, 0x22, 0x22, 0x22, 0x11,
    0x22, 0x22, 0x22, 0x11, 0x22, 0x22, 0x22, 0x11, 0x22, 0x22, 0x22, 0x11, 0x22, 0x22, 0x22, 0x11,
    0xB3, 0x22, 0x22, 0x22, 0xB3, 0x22, 0x22, 0x22, 0xB3, 0x22, 0x22, 0x22, 0xB3, 0x52, 0x25, 0x22,
    0xB3, 0x52, 0x25, 0x22, 0xB3, 0x22, 0x22, 0x22, 0xB3, 0x11, 0x11, 0x11, 0x13, 0x11, 0x11, 0x11,
    0x22, 0x22, 0x22, 0x22, 0x22, 0x22, 0x22, 0x22, 0x22, 0x22, 0x22, 0x22, 0x22, 0x22, 0x22, 0x22,
    0x22, 0x22, 0x22, 0x22, 0x22, 0x22, 0x22, 0x22, 0x11, 0x11, 0x11, 0x11, 0x11, 0x11, 0x11, 0x11,
    0x22, 0x22, 0x22, 0x22, 0x22, 0x22, 0x22, 0x22, 0x22, 0x22, 0x22, 0x22, 0x22, 0x22, 0x22, 0x22,
    0x22, 0x22, 0x22, 0x22, 0x22, 0x22, 0x22, 0x22, 0x11, 0x11, 0x11, 0x11, 0x11, 0x11, 0x11, 0x11,
    0x22, 0x22, 0x22, 0x22, 0x22, 0x22, 0x22, 0x22, 0x22, 0x22, 0x22, 0x22, 0x22, 0x22, 0x22, 0x22,
    0x22, 0x22, 0x22, 0x22, 0x22, 0x22, 0x22, 0x22, 0x11, 0x11, 0x11, 0x11, 0x11, 0x11, 0x11, 0x11,
    0x22, 0x22, 0x22, 0x22, 0x22, 0x22, 0x22, 0x22, 0x22, 0x22, 0x22, 0x22, 0x22, 0x22, 0x22, 0x22,
    0x22, 0x22, 0x22, 0x22, 0x22, 0x22, 0x22, 0x22, 0x11, 0x11, 0x11, 0x11, 0x11, 0x11, 0x11, 0x11,
    0x22, 0x22, 0x22, 0x22, 0x22, 0x22, 0x22, 0x22, 0x22, 0x22, 0x22, 0x22, 0x22, 0x22, 0x22, 0x22,
    0x22, 0x22, 0x22, 0x22, 0x22, 0x22, 0x22, 0x22, 0x11, 0x11, 0x11, 0x11, 0x11, 0x11, 0x11, 0x11,
    0x22, 0x22, 0x22, 0x22, 0x22, 0x22, 0x22, 0x22, 0x22, 0x22, 0x22, 0x22, 0x22, 0x22, 0x22, 0x22,
    0x22, 0x22, 0x22, 0x22, 0x22, 0x22, 0x22, 0x22, 0x11, 0x11, 0x11, 0x11, 0x11, 0x11, 0x11, 0x11,
    0x22, 0x11, 0xCC, 0x12, 0x22, 0x22, 0xCC, 0x22, 0x22, 0x22, 0x22, 0x22, 0x22, 0x22, 0x22, 0x22,
    0x22, 0x22, 0x22, 0x22, 0x22, 0x22, 0x22, 0x22, 0x11, 0x11, 0x11, 0x11, 0x11, 0x11, 0x11, 0x11,
    0xC1, 0x2C, 0x12, 0x11, 0xC2, 0x2C, 0x22, 0xC2, 0x22, 0x22, 0x22, 0x22, 0x22, 0x22, 0x22, 0x22,
    0x22, 0x22, 0x22, 0x22, 0x22, 0x22, 0x22, 0x22, 0x11, 0x11, 0x11, 0x11, 0x11, 0x11, 0x11, 0x11,
    0xCC, 0x2C, 0x22, 0x11, 0xCC, 0x22, 0x22, 0x22, 0x22, 0x22, 0x22, 0x22, 0x22, 0x22, 0x22, 0x22,
    0x22, 0x22, 0x22, 0x22, 0x22, 0x22, 0x22, 0x22, 0x11, 0x11, 0x11, 0x11, 0x11, 0x11, 0x11, 0x11,
    0xC1, 0xCC, 0x12, 0xC1, 0xCC, 0x2C, 0x22, 0xC2, 0x22, 0x22, 0x22, 0x22, 0x22, 0x22, 0x22, 0x22,
    0x22, 0x22, 0x22, 0x22, 0x22, 0x22, 0x22, 0x22, 0x11, 0x11, 0x11, 0x11, 0x11, 0x11, 0x11, 0x11,
    0x2C, 0x11, 0xCC, 0x22, 0x2C, 0x22, 0xCC, 0x22, 0x22, 0x22, 0x22, 0x22, 0x22, 0x22, 0x22, 0x22,
    0x22, 0x22, 0x22, 0x22, 0x22, 0x22, 0x22, 0x22, 0x11, 0x11, 0x11, 0x11, 0x11, 0x11, 0x11, 0x11,
    0x22, 0x22, 0x22, 0x22, 0x22, 0x22, 0x22, 0x22, 0x22, 0x22, 0x22, 0x22, 0x22, 0x22, 0x22, 0x22,
    0x22, 0x22, 0x22, 0x22, 0x22, 0x22, 0x22, 0x22, 0x11, 0x11, 0x11, 0x11, 0x11, 0x11, 0x11, 0x11,
    0x22, 0x22, 0x22, 0x22, 0x22, 0x22, 0x22, 0x22, 0x22, 0x22, 0x22, 0x22, 0x22, 0x22, 0x22, 0x22,
    0x22, 0x22, 0x22, 0x22, 0x22, 0x22, 0x22, 0x22, 0x11, 0x11, 0x11, 0x11, 0x11, 0x11, 0x11, 0x11,
    0x22, 0x22, 0x22, 0x22, 0x22, 0x22, 0x22, 0x22, 0x22, 0x22, 0x22, 0x22, 0x22, 0x22, 0x22, 0x22,
    0x22, 0x22, 0x22, 0x22, 0x22, 0x22, 0x22, 0x22, 0x11, 0x11, 0x11, 0x11, 0x11, 0x11, 0x11, 0x11,
    0x22, 0x22, 0x22, 0x22, 0x22, 0x22, 0x22, 0x22, 0x22, 0x22, 0x22, 0x22, 0x22, 0x22, 0x22, 0x22,
    0x22, 0x22, 0x22, 0x22, 0x22, 0x22, 0x22, 0x22, 0x11, 0x11, 0x11, 0x11, 0x11, 0x11, 0x11, 0x11,
    0x22, 0x22, 0x22, 0x22, 0x22, 0x22, 0x22, 0x22, 0x22, 0x22, 0x22, 0x22, 0x22, 0x22, 0x22, 0x22,
    0x22, 0x22, 0x22, 0x22, 0x22, 0x22, 0x22, 0x22, 0x11, 0x11, 0x11, 0x11, 0x11, 0x11, 0x11, 0x11,
    0x22, 0x22, 0x22, 0x22, 0x22, 0x22, 0x22, 0x22, 0x22, 0x22, 0x22, 0x22, 0x22, 0x22, 0x22, 0x22,
    0x22, 0x22, 0x22, 0x22, 0x22, 0x22, 0x22, 0x22, 0x11, 0x11, 0x11, 0x11, 0x11, 0x11, 0x11, 0x11,
    0x22, 0x22, 0x22, 0x22, 0x22, 0x22, 0x22, 0x22, 0x22, 0x22, 0x22, 0x22, 0x22, 0x22, 0x22, 0x22,
    0x22, 0x22, 0x22, 0x22, 0x22, 0x22, 0x22, 0x22, 0x11, 0x11, 0x11, 0x11, 0x11, 0x11, 0x11, 0x11,
    0x22, 0x22, 0x22, 0x11, 0x22, 0x22, 0x22, 0x11, 0x22, 0x22, 0x22, 0x11, 0x22, 0x52, 0x25, 0x11,
    0x22, 0x52, 0x25, 0x11, 0x22, 0x22, 0x22, 0x11, 0x11, 0x11, 0x11, 0x11, 0x11, 0x11, 0x11, 0x11,
};
